[2025-06-18 15:13:56] importCode("/home/nstl/data/CPGvulnHunter/test/test_case/juliet/output/CWE78_OS_Command_Injection/s01/CWE78_OS_Command_Injection__char_connect_socket_execl_01")
[2025-06-18 15:13:58] cpg.method.fullName.toJsonPretty
[2025-06-18 15:13:58] cpg.method.fullName("CWE78_OS_Command_Injection__char_connect_socket_execl_01.c:<global>").toJsonPretty
[2025-06-18 15:13:58] cpg.method.fullName("sockaddr.<clinit>").toJsonPretty
[2025-06-18 15:13:58] cpg.method.fullName("sockaddr_in.<clinit>").toJsonPretty
[2025-06-18 15:13:58] cpg.method.fullName("sockaddr_in.<clinit><duplicate>0").toJsonPretty
[2025-06-18 15:13:58] cpg.method.fullName("in6_addr.<clinit>").toJsonPretty
[2025-06-18 15:13:58] cpg.method.fullName("CWE78_OS_Command_Injection__char_connect_socket_execl_01_bad").toJsonPretty
[2025-06-18 15:13:58] cpg.method.fullName("goodG2B").toJsonPretty
[2025-06-18 15:13:58] cpg.method.fullName("CWE78_OS_Command_Injection__char_connect_socket_execl_01_good").toJsonPretty
[2025-06-18 15:13:58] cpg.method.fullName("main").toJsonPretty
[2025-06-18 15:13:58] cpg.method.fullName("<includes>:<global>").toJsonPretty
[2025-06-18 15:13:58] cpg.method.fullName("swprintf").toJsonPretty
[2025-06-18 15:13:58] cpg.method.fullName("recv").toJsonPretty
[2025-06-18 15:13:59] cpg.method.fullName("getgid").toJsonPretty
[2025-06-18 15:13:59] cpg.method.fullName("printLongLongLine").toJsonPretty
[2025-06-18 15:13:59] cpg.method.fullName("inet_ntoa").toJsonPretty
[2025-06-18 15:13:59] cpg.method.fullName("htons").toJsonPretty
[2025-06-18 15:13:59] cpg.method.fullName("read").toJsonPretty
[2025-06-18 15:13:59] cpg.method.fullName("isspace").toJsonPretty
[2025-06-18 15:13:59] cpg.method.fullName("tolower").toJsonPretty
[2025-06-18 15:13:59] cpg.method.fullName("wcsncmp").toJsonPretty
[2025-06-18 15:13:59] cpg.method.fullName("fflush").toJsonPretty
[2025-06-18 15:13:59] cpg.method.fullName("strlen").toJsonPretty
[2025-06-18 15:13:59] cpg.method.fullName("memset").toJsonPretty
[2025-06-18 15:13:59] cpg.method.fullName("isdigit").toJsonPretty
[2025-06-18 15:13:59] cpg.method.fullName("inet_pton").toJsonPretty
[2025-06-18 15:13:59] cpg.method.fullName("wprintf").toJsonPretty
[2025-06-18 15:13:59] cpg.method.fullName("calloc").toJsonPretty
[2025-06-18 15:13:59] cpg.method.fullName("accept").toJsonPretty
[2025-06-18 15:13:59] cpg.method.fullName("printHexCharLine").toJsonPretty
[2025-06-18 15:13:59] cpg.method.fullName("socket").toJsonPretty
[2025-06-18 15:13:59] cpg.method.fullName("printWcharLine").toJsonPretty
[2025-06-18 15:13:59] cpg.method.fullName("inet_ntop").toJsonPretty
[2025-06-18 15:13:59] cpg.method.fullName("fstat").toJsonPretty
[2025-06-18 15:14:00] cpg.method.fullName("connect").toJsonPretty
[2025-06-18 15:14:00] cpg.method.fullName("memcpy").toJsonPretty
[2025-06-18 15:14:00] cpg.method.fullName("isgraph").toJsonPretty
[2025-06-18 15:14:00] cpg.method.fullName("printBytesLine").toJsonPretty
[2025-06-18 15:14:00] cpg.method.fullName("atoi").toJsonPretty
[2025-06-18 15:14:00] cpg.method.fullName("getcwd").toJsonPretty
[2025-06-18 15:14:00] cpg.method.fullName("ntohl").toJsonPretty
[2025-06-18 15:14:00] cpg.method.fullName("chdir").toJsonPretty
[2025-06-18 15:14:00] cpg.method.fullName("wcsncpy").toJsonPretty
[2025-06-18 15:14:00] cpg.method.fullName("printShortLine").toJsonPretty
[2025-06-18 15:14:00] cpg.method.fullName("isprint").toJsonPretty
[2025-06-18 15:14:00] cpg.method.fullName("malloc").toJsonPretty
[2025-06-18 15:14:00] cpg.method.fullName("execl").toJsonPretty
[2025-06-18 15:14:00] cpg.method.fullName("stat").toJsonPretty
[2025-06-18 15:14:00] cpg.method.fullName("printLongLine").toJsonPretty
[2025-06-18 15:14:00] cpg.method.fullName("mkdir").toJsonPretty
[2025-06-18 15:14:00] cpg.method.fullName("sleep").toJsonPretty
[2025-06-18 15:14:00] cpg.method.fullName("printWLine").toJsonPretty
[2025-06-18 15:14:00] cpg.method.fullName("printDoubleLine").toJsonPretty
[2025-06-18 15:14:01] cpg.method.fullName("htonl").toJsonPretty
[2025-06-18 15:14:01] cpg.method.fullName("bind").toJsonPretty
[2025-06-18 15:14:01] cpg.method.fullName("inet_aton").toJsonPretty
[2025-06-18 15:14:01] cpg.method.fullName("strncmp").toJsonPretty
[2025-06-18 15:14:01] cpg.method.fullName("strncpy").toJsonPretty
[2025-06-18 15:14:01] cpg.method.fullName("printFloatLine").toJsonPretty
[2025-06-18 15:14:01] cpg.method.fullName("isupper").toJsonPretty
[2025-06-18 15:14:01] cpg.method.fullName("islower").toJsonPretty
[2025-06-18 15:14:01] cpg.method.fullName("sprintf").toJsonPretty
[2025-06-18 15:14:01] cpg.method.fullName("printLine").toJsonPretty
[2025-06-18 15:14:01] cpg.method.fullName("inet_addr").toJsonPretty
[2025-06-18 15:14:01] cpg.method.fullName("strcpy").toJsonPretty
[2025-06-18 15:14:01] cpg.method.fullName("decodeHexChars").toJsonPretty
[2025-06-18 15:14:01] cpg.method.fullName("execv").toJsonPretty
[2025-06-18 15:14:01] cpg.method.fullName("fcntl").toJsonPretty
[2025-06-18 15:14:01] cpg.method.fullName("open").toJsonPretty
[2025-06-18 15:14:01] cpg.method.fullName("memcmp").toJsonPretty
[2025-06-18 15:14:01] cpg.method.fullName("printUnsignedLine").toJsonPretty
[2025-06-18 15:14:01] cpg.method.fullName("dup2").toJsonPretty
[2025-06-18 15:14:01] cpg.method.fullName("fprintf").toJsonPretty
[2025-06-18 15:14:01] cpg.method.fullName("printHexUnsignedCharLine").toJsonPretty
[2025-06-18 15:14:01] cpg.method.fullName("fork").toJsonPretty
[2025-06-18 15:14:02] cpg.method.fullName("iscntrl").toJsonPretty
[2025-06-18 15:14:02] cpg.method.fullName("shutdown").toJsonPretty
[2025-06-18 15:14:02] cpg.method.fullName("listen").toJsonPretty
[2025-06-18 15:14:02] cpg.method.fullName("wcscmp").toJsonPretty
[2025-06-18 15:14:02] cpg.method.fullName("clock").toJsonPretty
[2025-06-18 15:14:02] cpg.method.fullName("printf").toJsonPretty
[2025-06-18 15:14:02] cpg.method.fullName("execlp").toJsonPretty
[2025-06-18 15:14:02] cpg.method.fullName("globalReturnsTrueOrFalse").toJsonPretty
[2025-06-18 15:14:02] cpg.method.fullName("toupper").toJsonPretty
[2025-06-18 15:14:02] cpg.method.fullName("realloc").toJsonPretty
[2025-06-18 15:14:02] cpg.method.fullName("exit").toJsonPretty
[2025-06-18 15:14:02] cpg.method.fullName("globalReturnsFalse").toJsonPretty
[2025-06-18 15:14:02] cpg.method.fullName("isxdigit").toJsonPretty
[2025-06-18 15:14:02] cpg.method.fullName("isalnum").toJsonPretty
[2025-06-18 15:14:02] cpg.method.fullName("strncat").toJsonPretty
[2025-06-18 15:14:02] cpg.method.fullName("time").toJsonPretty
[2025-06-18 15:14:02] cpg.method.fullName("pipe").toJsonPretty
[2025-06-18 15:14:02] cpg.method.fullName("globalReturnsTrue").toJsonPretty
[2025-06-18 15:14:02] cpg.method.fullName("isalpha").toJsonPretty
[2025-06-18 15:14:03] cpg.method.fullName("getuid").toJsonPretty
[2025-06-18 15:14:03] cpg.method.fullName("fopen").toJsonPretty
[2025-06-18 15:14:03] cpg.method.fullName("close").toJsonPretty
[2025-06-18 15:14:03] cpg.method.fullName("wcscpy").toJsonPretty
[2025-06-18 15:14:03] cpg.method.fullName("ctime").toJsonPretty
[2025-06-18 15:14:03] cpg.method.fullName("printSizeTLine").toJsonPretty
[2025-06-18 15:14:03] cpg.method.fullName("ntohs").toJsonPretty
[2025-06-18 15:14:03] cpg.method.fullName("ispunct").toJsonPretty
[2025-06-18 15:14:03] cpg.method.fullName("strcat").toJsonPretty
[2025-06-18 15:14:03] cpg.method.fullName("printIntLine").toJsonPretty
[2025-06-18 15:14:03] cpg.method.fullName("strcmp").toJsonPretty
[2025-06-18 15:14:03] cpg.method.fullName("wcslen").toJsonPretty
[2025-06-18 15:14:03] cpg.method.fullName("printStructLine").toJsonPretty
[2025-06-18 15:14:03] cpg.method.fullName("execvp").toJsonPretty
[2025-06-18 15:14:03] cpg.method.fullName("write").toJsonPretty
[2025-06-18 15:14:03] cpg.method.fullName("decodeHexWChars").toJsonPretty
[2025-06-18 15:14:03] cpg.method.fullName("fclose").toJsonPretty
[2025-06-18 15:14:03] cpg.method.fullName("free").toJsonPretty
[2025-06-18 15:14:03] cpg.method.fullName("send").toJsonPretty
[2025-06-18 15:14:03] cpg.method.fullName("atol").toJsonPretty
[2025-06-18 15:14:04] cpg.method.fullName("<operator>.arrayInitializer").toJsonPretty
[2025-06-18 15:14:04] cpg.method.fullName("<operator>.assignment").toJsonPretty
[2025-06-18 15:14:04] cpg.method.fullName("<operator>.alloc").toJsonPretty
[2025-06-18 15:14:04] cpg.method.fullName("<operator>.minus").toJsonPretty
[2025-06-18 15:14:04] cpg.method.fullName("<operator>.equals").toJsonPretty
[2025-06-18 15:14:04] cpg.method.fullName("<operator>.addressOf").toJsonPretty
[2025-06-18 15:14:04] cpg.method.fullName("<operator>.sizeOf").toJsonPretty
[2025-06-18 15:14:04] cpg.method.fullName("<operator>.fieldAccess").toJsonPretty
[2025-06-18 15:14:04] cpg.method.fullName("<operator>.cast").toJsonPretty
[2025-06-18 15:14:04] cpg.method.fullName("<operator>.addition").toJsonPretty
[2025-06-18 15:14:04] cpg.method.fullName("<operator>.multiplication").toJsonPretty
[2025-06-18 15:14:04] cpg.method.fullName("<operator>.subtraction").toJsonPretty
[2025-06-18 15:14:04] cpg.method.fullName("<operator>.logicalOr").toJsonPretty
[2025-06-18 15:14:04] cpg.method.fullName("<operator>.indirectIndexAccess").toJsonPretty
[2025-06-18 15:14:04] cpg.method.fullName("<operator>.division").toJsonPretty
[2025-06-18 15:14:04] cpg.method.fullName("strchr").toJsonPretty
[2025-06-18 15:14:04] cpg.method.fullName("strchr").parameter.toJsonPretty
[2025-06-18 15:14:04] cpg.method.fullName("<operator>.indirection").toJsonPretty
[2025-06-18 15:14:04] cpg.method.fullName("<operator>.notEquals").toJsonPretty
[2025-06-18 15:14:04] cpg.method.fullName("srand").toJsonPretty
[2025-06-18 15:14:04] cpg.method.fullName("srand").parameter.toJsonPretty
[2025-06-18 15:14:04] 1 + 1
[2025-06-18 15:14:04] import io.joern.dataflowengineoss.*
[2025-06-18 15:44:37] importCode("/home/nstl/data/CPGvulnHunter/test/test_case/juliet/output/CWE78_OS_Command_Injection/s01/CWE78_OS_Command_Injection__char_connect_socket_execl_01")
[2025-06-18 15:44:39] cpg.method.fullName.toJsonPretty
[2025-06-18 15:44:39] cpg.method.fullName("CWE78_OS_Command_Injection__char_connect_socket_execl_01.c:<global>").toJsonPretty
[2025-06-18 15:44:39] cpg.method.fullName("CWE78_OS_Command_Injection__char_connect_socket_execl_01_bad").toJsonPretty
[2025-06-18 15:44:39] cpg.method.fullName("goodG2B").toJsonPretty
[2025-06-18 15:44:39] cpg.method.fullName("CWE78_OS_Command_Injection__char_connect_socket_execl_01_good").toJsonPretty
[2025-06-18 15:44:39] cpg.method.fullName("main").toJsonPretty
[2025-06-18 15:44:39] cpg.method.fullName("<includes>:<global>").toJsonPretty
[2025-06-18 15:44:39] cpg.method.fullName("printLongLongLine").toJsonPretty
[2025-06-18 15:44:40] cpg.method.fullName("printHexCharLine").toJsonPretty
[2025-06-18 15:44:40] cpg.method.fullName("printWcharLine").toJsonPretty
[2025-06-18 15:44:40] cpg.method.fullName("printBytesLine").toJsonPretty
[2025-06-18 15:44:40] cpg.method.fullName("printShortLine").toJsonPretty
[2025-06-18 15:44:40] cpg.method.fullName("printLongLine").toJsonPretty
[2025-06-18 15:44:40] cpg.method.fullName("printFloatLine").toJsonPretty
[2025-06-18 15:44:40] cpg.method.fullName("printLine").toJsonPretty
[2025-06-18 15:44:40] cpg.method.fullName("decodeHexChars").toJsonPretty
[2025-06-18 15:44:40] cpg.method.fullName("printUnsignedLine").toJsonPretty
[2025-06-18 15:44:40] cpg.method.fullName("printHexUnsignedCharLine").toJsonPretty
[2025-06-18 15:44:40] cpg.method.fullName("globalReturnsTrueOrFalse").toJsonPretty
[2025-06-18 15:44:40] cpg.method.fullName("globalReturnsFalse").toJsonPretty
[2025-06-18 15:44:40] cpg.method.fullName("globalReturnsTrue").toJsonPretty
[2025-06-18 15:44:40] cpg.method.fullName("printSizeTLine").toJsonPretty
[2025-06-18 15:44:40] cpg.method.fullName("printIntLine").toJsonPretty
[2025-06-18 15:44:40] cpg.method.fullName("printStructLine").toJsonPretty
[2025-06-18 15:44:40] cpg.method.fullName("decodeHexWChars").toJsonPretty
[2025-06-18 15:44:40] cpg.method.fullName("printWLine").toJsonPretty
[2025-06-18 15:44:40] cpg.method.fullName("printDoubleLine").toJsonPretty
[2025-06-18 15:44:40] cpg.method.fullName("<operator>.assignment").toJsonPretty
[2025-06-18 15:44:41] cpg.method.fullName("<operator>.alloc").toJsonPretty
[2025-06-18 15:44:41] cpg.method.fullName("<operator>.minus").toJsonPretty
[2025-06-18 15:44:41] cpg.method.fullName("strlen").toJsonPretty
[2025-06-18 15:44:41] cpg.method.fullName("strlen").parameter.toJsonPretty
[2025-06-18 15:44:41] cpg.method.fullName("socket").toJsonPretty
[2025-06-18 15:44:41] cpg.method.fullName("socket").parameter.toJsonPretty
[2025-06-18 15:44:41] cpg.method.fullName("<operator>.equals").toJsonPretty
[2025-06-18 15:44:41] cpg.method.fullName("memset").toJsonPretty
[2025-06-18 15:44:41] cpg.method.fullName("memset").parameter.toJsonPretty
[2025-06-18 15:44:41] cpg.method.fullName("<operator>.addressOf").toJsonPretty
[2025-06-18 15:44:41] cpg.method.fullName("<operator>.sizeOf").toJsonPretty
[2025-06-18 15:44:41] cpg.method.fullName("<operator>.fieldAccess").toJsonPretty
[2025-06-18 15:44:41] cpg.method.fullName("inet_addr").toJsonPretty
[2025-06-18 15:44:41] cpg.method.fullName("inet_addr").parameter.toJsonPretty
[2025-06-18 15:44:41] cpg.method.fullName("htons").toJsonPretty
[2025-06-18 15:44:41] cpg.method.fullName("htons").parameter.toJsonPretty
[2025-06-18 15:44:41] cpg.method.fullName("connect").toJsonPretty
[2025-06-18 15:44:41] cpg.method.fullName("connect").parameter.toJsonPretty
[2025-06-18 15:44:41] cpg.method.fullName("<operator>.cast").toJsonPretty
[2025-06-18 15:44:42] cpg.method.fullName("recv").toJsonPretty
[2025-06-18 15:44:42] cpg.method.fullName("recv").parameter.toJsonPretty
[2025-06-18 15:44:42] cpg.method.fullName("<operator>.addition").toJsonPretty
[2025-06-18 15:44:42] cpg.method.fullName("<operator>.multiplication").toJsonPretty
[2025-06-18 15:44:42] cpg.method.fullName("<operator>.subtraction").toJsonPretty
[2025-06-18 15:44:42] cpg.method.fullName("<operator>.logicalOr").toJsonPretty
[2025-06-18 15:44:42] cpg.method.fullName("<operator>.indirectIndexAccess").toJsonPretty
[2025-06-18 15:44:42] cpg.method.fullName("<operator>.division").toJsonPretty
[2025-06-18 15:44:42] cpg.method.fullName("strchr").toJsonPretty
[2025-06-18 15:44:42] cpg.method.fullName("strchr").parameter.toJsonPretty
[2025-06-18 15:44:42] cpg.method.fullName("<operator>.indirection").toJsonPretty
[2025-06-18 15:44:42] cpg.method.fullName("<operator>.notEquals").toJsonPretty
[2025-06-18 15:44:42] cpg.method.fullName("close").toJsonPretty
[2025-06-18 15:44:42] cpg.method.fullName("close").parameter.toJsonPretty
[2025-06-18 15:44:42] cpg.method.fullName("execl").toJsonPretty
[2025-06-18 15:44:42] cpg.method.fullName("execl").parameter.toJsonPretty
[2025-06-18 15:44:42] cpg.method.fullName("strcat").toJsonPretty
[2025-06-18 15:44:42] cpg.method.fullName("strcat").parameter.toJsonPretty
[2025-06-18 15:44:42] cpg.method.fullName("srand").toJsonPretty
[2025-06-18 15:44:42] cpg.method.fullName("srand").parameter.toJsonPretty
[2025-06-18 15:44:43] cpg.method.fullName("time").toJsonPretty
[2025-06-18 15:44:43] cpg.method.fullName("time").parameter.toJsonPretty
[2025-06-18 15:44:51] 1 + 1
[2025-06-18 15:44:51] import io.joern.dataflowengineoss.*
[2025-06-18 15:44:58] cpg.methodParameterIn.where(_.method.fullName("execl")).index(1).l.reachableByDetailed(cpg.call.where(_.methodFullName("recv")).argument(1).l).toJsonPretty
[2025-06-18 15:44:58] cpg.methodParameterIn.where(_.method.fullName("execl")).index(2).l.reachableByDetailed(cpg.call.where(_.methodFullName("recv")).argument(1).l).toJsonPretty
[2025-06-18 16:02:34] importCode("/home/nstl/data/CPGvulnHunter/test/test_case/juliet/output/CWE78_OS_Command_Injection/s01/CWE78_OS_Command_Injection__char_connect_socket_execl_01")
[2025-06-18 16:02:36] cpg.method.fullName.toJsonPretty
[2025-06-18 16:02:36] cpg.method.fullName("CWE78_OS_Command_Injection__char_connect_socket_execl_01.c:<global>").toJsonPretty
[2025-06-18 16:02:36] cpg.method.fullName("CWE78_OS_Command_Injection__char_connect_socket_execl_01_bad").toJsonPretty
[2025-06-18 16:02:36] cpg.method.fullName("goodG2B").toJsonPretty
[2025-06-18 16:02:36] cpg.method.fullName("CWE78_OS_Command_Injection__char_connect_socket_execl_01_good").toJsonPretty
[2025-06-18 16:02:36] cpg.method.fullName("main").toJsonPretty
[2025-06-18 16:02:36] cpg.method.fullName("<includes>:<global>").toJsonPretty
[2025-06-18 16:02:36] cpg.method.fullName("printLongLongLine").toJsonPretty
[2025-06-18 16:02:36] cpg.method.fullName("printHexCharLine").toJsonPretty
[2025-06-18 16:02:36] cpg.method.fullName("printWcharLine").toJsonPretty
[2025-06-18 16:02:36] cpg.method.fullName("printBytesLine").toJsonPretty
[2025-06-18 16:02:37] cpg.method.fullName("printShortLine").toJsonPretty
[2025-06-18 16:02:37] cpg.method.fullName("printLongLine").toJsonPretty
[2025-06-18 16:02:37] cpg.method.fullName("printFloatLine").toJsonPretty
[2025-06-18 16:02:37] cpg.method.fullName("printLine").toJsonPretty
[2025-06-18 16:02:37] cpg.method.fullName("decodeHexChars").toJsonPretty
[2025-06-18 16:02:37] cpg.method.fullName("printUnsignedLine").toJsonPretty
[2025-06-18 16:02:37] cpg.method.fullName("printHexUnsignedCharLine").toJsonPretty
[2025-06-18 16:02:37] cpg.method.fullName("globalReturnsTrueOrFalse").toJsonPretty
[2025-06-18 16:02:37] cpg.method.fullName("globalReturnsFalse").toJsonPretty
[2025-06-18 16:02:37] cpg.method.fullName("globalReturnsTrue").toJsonPretty
[2025-06-18 16:02:37] cpg.method.fullName("printSizeTLine").toJsonPretty
[2025-06-18 16:02:37] cpg.method.fullName("printIntLine").toJsonPretty
[2025-06-18 16:02:37] cpg.method.fullName("printStructLine").toJsonPretty
[2025-06-18 16:02:37] cpg.method.fullName("decodeHexWChars").toJsonPretty
[2025-06-18 16:02:37] cpg.method.fullName("printWLine").toJsonPretty
[2025-06-18 16:02:37] cpg.method.fullName("printDoubleLine").toJsonPretty
[2025-06-18 16:02:37] cpg.method.fullName("<operator>.assignment").toJsonPretty
[2025-06-18 16:02:37] cpg.method.fullName("<operator>.alloc").toJsonPretty
[2025-06-18 16:02:37] cpg.method.fullName("<operator>.minus").toJsonPretty
[2025-06-18 16:02:37] cpg.method.fullName("strlen").toJsonPretty
[2025-06-18 16:02:38] cpg.method.fullName("strlen").parameter.toJsonPretty
[2025-06-18 16:02:38] cpg.method.fullName("socket").toJsonPretty
[2025-06-18 16:02:38] cpg.method.fullName("socket").parameter.toJsonPretty
[2025-06-18 16:02:38] cpg.method.fullName("<operator>.equals").toJsonPretty
[2025-06-18 16:02:38] cpg.method.fullName("memset").toJsonPretty
[2025-06-18 16:02:38] cpg.method.fullName("memset").parameter.toJsonPretty
[2025-06-18 16:02:38] cpg.method.fullName("<operator>.addressOf").toJsonPretty
[2025-06-18 16:02:38] cpg.method.fullName("<operator>.sizeOf").toJsonPretty
[2025-06-18 16:02:38] cpg.method.fullName("<operator>.fieldAccess").toJsonPretty
[2025-06-18 16:02:38] cpg.method.fullName("inet_addr").toJsonPretty
[2025-06-18 16:02:38] cpg.method.fullName("inet_addr").parameter.toJsonPretty
[2025-06-18 16:02:38] cpg.method.fullName("htons").toJsonPretty
[2025-06-18 16:02:38] cpg.method.fullName("htons").parameter.toJsonPretty
[2025-06-18 16:02:38] cpg.method.fullName("connect").toJsonPretty
[2025-06-18 16:02:38] cpg.method.fullName("connect").parameter.toJsonPretty
[2025-06-18 16:02:38] cpg.method.fullName("<operator>.cast").toJsonPretty
[2025-06-18 16:02:38] cpg.method.fullName("recv").toJsonPretty
[2025-06-18 16:02:38] cpg.method.fullName("recv").parameter.toJsonPretty
[2025-06-18 16:02:38] cpg.method.fullName("<operator>.addition").toJsonPretty
[2025-06-18 16:02:38] cpg.method.fullName("<operator>.multiplication").toJsonPretty
[2025-06-18 16:02:38] cpg.method.fullName("<operator>.subtraction").toJsonPretty
[2025-06-18 16:02:38] cpg.method.fullName("<operator>.logicalOr").toJsonPretty
[2025-06-18 16:02:39] cpg.method.fullName("<operator>.indirectIndexAccess").toJsonPretty
[2025-06-18 16:02:39] cpg.method.fullName("<operator>.division").toJsonPretty
[2025-06-18 16:02:39] cpg.method.fullName("strchr").toJsonPretty
[2025-06-18 16:02:39] cpg.method.fullName("strchr").parameter.toJsonPretty
[2025-06-18 16:02:39] cpg.method.fullName("<operator>.indirection").toJsonPretty
[2025-06-18 16:02:39] cpg.method.fullName("<operator>.notEquals").toJsonPretty
[2025-06-18 16:02:39] cpg.method.fullName("close").toJsonPretty
[2025-06-18 16:02:39] cpg.method.fullName("close").parameter.toJsonPretty
[2025-06-18 16:02:39] cpg.method.fullName("execl").toJsonPretty
[2025-06-18 16:02:39] cpg.method.fullName("execl").parameter.toJsonPretty
[2025-06-18 16:02:39] cpg.method.fullName("strcat").toJsonPretty
[2025-06-18 16:02:39] cpg.method.fullName("strcat").parameter.toJsonPretty
[2025-06-18 16:02:39] cpg.method.fullName("srand").toJsonPretty
[2025-06-18 16:02:39] cpg.method.fullName("srand").parameter.toJsonPretty
[2025-06-18 16:02:39] cpg.method.fullName("time").toJsonPretty
[2025-06-18 16:02:39] cpg.method.fullName("time").parameter.toJsonPretty
[2025-06-18 16:02:39] 1 + 1
[2025-06-18 16:02:39] import io.joern.dataflowengineoss.*
[2025-06-18 16:03:15] importCode("/home/nstl/data/CPGvulnHunter/test/test_case/juliet/output/CWE78_OS_Command_Injection/s01/CWE78_OS_Command_Injection__char_connect_socket_execl_01")
[2025-06-18 16:03:17] cpg.method.fullName.toJsonPretty
[2025-06-18 16:03:17] cpg.method.fullName("CWE78_OS_Command_Injection__char_connect_socket_execl_01.c:<global>").toJsonPretty
[2025-06-18 16:03:17] cpg.method.fullName("CWE78_OS_Command_Injection__char_connect_socket_execl_01_bad").toJsonPretty
[2025-06-18 16:03:17] cpg.method.fullName("goodG2B").toJsonPretty
[2025-06-18 16:03:17] cpg.method.fullName("CWE78_OS_Command_Injection__char_connect_socket_execl_01_good").toJsonPretty
[2025-06-18 16:03:17] cpg.method.fullName("main").toJsonPretty
[2025-06-18 16:03:17] cpg.method.fullName("<includes>:<global>").toJsonPretty
[2025-06-18 16:03:17] cpg.method.fullName("printLongLongLine").toJsonPretty
[2025-06-18 16:03:17] cpg.method.fullName("printHexCharLine").toJsonPretty
[2025-06-18 16:03:17] cpg.method.fullName("printWcharLine").toJsonPretty
[2025-06-18 16:03:17] cpg.method.fullName("printBytesLine").toJsonPretty
[2025-06-18 16:03:17] cpg.method.fullName("printShortLine").toJsonPretty
[2025-06-18 16:03:17] cpg.method.fullName("printLongLine").toJsonPretty
[2025-06-18 16:03:17] cpg.method.fullName("printFloatLine").toJsonPretty
[2025-06-18 16:03:17] cpg.method.fullName("printLine").toJsonPretty
[2025-06-18 16:03:17] cpg.method.fullName("decodeHexChars").toJsonPretty
[2025-06-18 16:03:18] cpg.method.fullName("printUnsignedLine").toJsonPretty
[2025-06-18 16:03:18] cpg.method.fullName("printHexUnsignedCharLine").toJsonPretty
[2025-06-18 16:03:18] cpg.method.fullName("globalReturnsTrueOrFalse").toJsonPretty
[2025-06-18 16:03:18] cpg.method.fullName("globalReturnsFalse").toJsonPretty
[2025-06-18 16:03:18] cpg.method.fullName("globalReturnsTrue").toJsonPretty
[2025-06-18 16:03:18] cpg.method.fullName("printSizeTLine").toJsonPretty
[2025-06-18 16:03:18] cpg.method.fullName("printIntLine").toJsonPretty
[2025-06-18 16:03:18] cpg.method.fullName("printStructLine").toJsonPretty
[2025-06-18 16:03:18] cpg.method.fullName("decodeHexWChars").toJsonPretty
[2025-06-18 16:03:18] cpg.method.fullName("printWLine").toJsonPretty
[2025-06-18 16:03:18] cpg.method.fullName("printDoubleLine").toJsonPretty
[2025-06-18 16:03:18] cpg.method.fullName("<operator>.assignment").toJsonPretty
[2025-06-18 16:03:18] cpg.method.fullName("<operator>.alloc").toJsonPretty
[2025-06-18 16:03:18] cpg.method.fullName("<operator>.minus").toJsonPretty
[2025-06-18 16:03:18] cpg.method.fullName("strlen").toJsonPretty
[2025-06-18 16:03:18] cpg.method.fullName("strlen").parameter.toJsonPretty
[2025-06-18 16:03:18] cpg.method.fullName("socket").toJsonPretty
[2025-06-18 16:03:18] cpg.method.fullName("socket").parameter.toJsonPretty
[2025-06-18 16:03:19] cpg.method.fullName("<operator>.equals").toJsonPretty
[2025-06-18 16:03:19] cpg.method.fullName("memset").toJsonPretty
[2025-06-18 16:03:19] cpg.method.fullName("memset").parameter.toJsonPretty
[2025-06-18 16:03:19] cpg.method.fullName("<operator>.addressOf").toJsonPretty
[2025-06-18 16:03:19] cpg.method.fullName("<operator>.sizeOf").toJsonPretty
[2025-06-18 16:03:19] cpg.method.fullName("<operator>.fieldAccess").toJsonPretty
[2025-06-18 16:03:19] cpg.method.fullName("inet_addr").toJsonPretty
[2025-06-18 16:03:19] cpg.method.fullName("inet_addr").parameter.toJsonPretty
[2025-06-18 16:03:19] cpg.method.fullName("htons").toJsonPretty
[2025-06-18 16:03:19] cpg.method.fullName("htons").parameter.toJsonPretty
[2025-06-18 16:03:19] cpg.method.fullName("connect").toJsonPretty
[2025-06-18 16:03:19] cpg.method.fullName("connect").parameter.toJsonPretty
[2025-06-18 16:03:19] cpg.method.fullName("<operator>.cast").toJsonPretty
[2025-06-18 16:03:19] cpg.method.fullName("recv").toJsonPretty
[2025-06-18 16:03:19] cpg.method.fullName("recv").parameter.toJsonPretty
[2025-06-18 16:03:19] cpg.method.fullName("<operator>.addition").toJsonPretty
[2025-06-18 16:03:19] cpg.method.fullName("<operator>.multiplication").toJsonPretty
[2025-06-18 16:03:19] cpg.method.fullName("<operator>.subtraction").toJsonPretty
[2025-06-18 16:03:19] cpg.method.fullName("<operator>.logicalOr").toJsonPretty
[2025-06-18 16:03:19] cpg.method.fullName("<operator>.indirectIndexAccess").toJsonPretty
[2025-06-18 16:03:20] cpg.method.fullName("<operator>.division").toJsonPretty
[2025-06-18 16:03:20] cpg.method.fullName("strchr").toJsonPretty
[2025-06-18 16:03:20] cpg.method.fullName("strchr").parameter.toJsonPretty
[2025-06-18 16:03:20] cpg.method.fullName("<operator>.indirection").toJsonPretty
[2025-06-18 16:03:20] cpg.method.fullName("<operator>.notEquals").toJsonPretty
[2025-06-18 16:03:20] cpg.method.fullName("close").toJsonPretty
[2025-06-18 16:03:20] cpg.method.fullName("close").parameter.toJsonPretty
[2025-06-18 16:03:20] cpg.method.fullName("execl").toJsonPretty
[2025-06-18 16:03:20] cpg.method.fullName("execl").parameter.toJsonPretty
[2025-06-18 16:03:20] cpg.method.fullName("strcat").toJsonPretty
[2025-06-18 16:03:20] cpg.method.fullName("strcat").parameter.toJsonPretty
[2025-06-18 16:03:20] cpg.method.fullName("srand").toJsonPretty
[2025-06-18 16:03:20] cpg.method.fullName("srand").parameter.toJsonPretty
[2025-06-18 16:03:20] cpg.method.fullName("time").toJsonPretty
[2025-06-18 16:03:20] cpg.method.fullName("time").parameter.toJsonPretty
[2025-06-18 16:03:20] 1 + 1
[2025-06-18 16:03:20] import io.joern.dataflowengineoss.*
[2025-06-18 16:03:20] cpg.methodParameterIn.where(_.method.fullName("execl")).index(1).l.reachableByDetailed(cpg.call.where(_.methodFullName("recv")).argument(1).l).toJsonPretty
[2025-06-18 16:03:21] cpg.methodParameterIn.where(_.method.fullName("execl")).index(2).l.reachableByDetailed(cpg.call.where(_.methodFullName("recv")).argument(1).l).toJsonPretty
[2025-06-18 16:05:05] importCode("/home/nstl/data/CPGvulnHunter/test/test_case/juliet/output/CWE78_OS_Command_Injection/s01/CWE78_OS_Command_Injection__char_connect_socket_execl_01")
[2025-06-18 16:05:07] cpg.method.fullName.toJsonPretty
[2025-06-18 16:05:07] cpg.method.fullName("CWE78_OS_Command_Injection__char_connect_socket_execl_01.c:<global>").toJsonPretty
[2025-06-18 16:05:07] cpg.method.fullName("CWE78_OS_Command_Injection__char_connect_socket_execl_01_bad").toJsonPretty
[2025-06-18 16:05:07] cpg.method.fullName("goodG2B").toJsonPretty
[2025-06-18 16:05:07] cpg.method.fullName("CWE78_OS_Command_Injection__char_connect_socket_execl_01_good").toJsonPretty
[2025-06-18 16:05:07] cpg.method.fullName("main").toJsonPretty
[2025-06-18 16:05:07] cpg.method.fullName("<includes>:<global>").toJsonPretty
[2025-06-18 16:05:07] cpg.method.fullName("printLongLongLine").toJsonPretty
[2025-06-18 16:05:07] cpg.method.fullName("printHexCharLine").toJsonPretty
[2025-06-18 16:05:07] cpg.method.fullName("printWcharLine").toJsonPretty
[2025-06-18 16:05:07] cpg.method.fullName("printBytesLine").toJsonPretty
[2025-06-18 16:05:07] cpg.method.fullName("printShortLine").toJsonPretty
[2025-06-18 16:05:07] cpg.method.fullName("printLongLine").toJsonPretty
[2025-06-18 16:05:07] cpg.method.fullName("printFloatLine").toJsonPretty
[2025-06-18 16:05:07] cpg.method.fullName("printLine").toJsonPretty
[2025-06-18 16:05:07] cpg.method.fullName("decodeHexChars").toJsonPretty
[2025-06-18 16:05:07] cpg.method.fullName("printUnsignedLine").toJsonPretty
[2025-06-18 16:05:07] cpg.method.fullName("printHexUnsignedCharLine").toJsonPretty
[2025-06-18 16:05:07] cpg.method.fullName("globalReturnsTrueOrFalse").toJsonPretty
[2025-06-18 16:05:08] cpg.method.fullName("globalReturnsFalse").toJsonPretty
[2025-06-18 16:05:08] cpg.method.fullName("globalReturnsTrue").toJsonPretty
[2025-06-18 16:05:08] cpg.method.fullName("printSizeTLine").toJsonPretty
[2025-06-18 16:05:08] cpg.method.fullName("printIntLine").toJsonPretty
[2025-06-18 16:05:08] cpg.method.fullName("printStructLine").toJsonPretty
[2025-06-18 16:05:08] cpg.method.fullName("decodeHexWChars").toJsonPretty
[2025-06-18 16:05:08] cpg.method.fullName("printWLine").toJsonPretty
[2025-06-18 16:05:08] cpg.method.fullName("printDoubleLine").toJsonPretty
[2025-06-18 16:05:08] cpg.method.fullName("<operator>.assignment").toJsonPretty
[2025-06-18 16:05:08] cpg.method.fullName("<operator>.alloc").toJsonPretty
[2025-06-18 16:05:08] cpg.method.fullName("<operator>.minus").toJsonPretty
[2025-06-18 16:05:08] cpg.method.fullName("strlen").toJsonPretty
[2025-06-18 16:05:08] cpg.method.fullName("strlen").parameter.toJsonPretty
[2025-06-18 16:05:08] cpg.method.fullName("socket").toJsonPretty
[2025-06-18 16:05:08] cpg.method.fullName("socket").parameter.toJsonPretty
[2025-06-18 16:05:08] cpg.method.fullName("<operator>.equals").toJsonPretty
[2025-06-18 16:05:08] cpg.method.fullName("memset").toJsonPretty
[2025-06-18 16:05:08] cpg.method.fullName("memset").parameter.toJsonPretty
[2025-06-18 16:05:09] cpg.method.fullName("<operator>.addressOf").toJsonPretty
[2025-06-18 16:05:09] cpg.method.fullName("<operator>.sizeOf").toJsonPretty
[2025-06-18 16:05:09] cpg.method.fullName("<operator>.fieldAccess").toJsonPretty
[2025-06-18 16:05:09] cpg.method.fullName("inet_addr").toJsonPretty
[2025-06-18 16:05:09] cpg.method.fullName("inet_addr").parameter.toJsonPretty
[2025-06-18 16:05:09] cpg.method.fullName("htons").toJsonPretty
[2025-06-18 16:05:09] cpg.method.fullName("htons").parameter.toJsonPretty
[2025-06-18 16:05:09] cpg.method.fullName("connect").toJsonPretty
[2025-06-18 16:05:09] cpg.method.fullName("connect").parameter.toJsonPretty
[2025-06-18 16:05:09] cpg.method.fullName("<operator>.cast").toJsonPretty
[2025-06-18 16:05:09] cpg.method.fullName("recv").toJsonPretty
[2025-06-18 16:05:09] cpg.method.fullName("recv").parameter.toJsonPretty
[2025-06-18 16:05:09] cpg.method.fullName("<operator>.addition").toJsonPretty
[2025-06-18 16:05:09] cpg.method.fullName("<operator>.multiplication").toJsonPretty
[2025-06-18 16:05:09] cpg.method.fullName("<operator>.subtraction").toJsonPretty
[2025-06-18 16:05:09] cpg.method.fullName("<operator>.logicalOr").toJsonPretty
[2025-06-18 16:05:09] cpg.method.fullName("<operator>.indirectIndexAccess").toJsonPretty
[2025-06-18 16:05:09] cpg.method.fullName("<operator>.division").toJsonPretty
[2025-06-18 16:05:09] cpg.method.fullName("strchr").toJsonPretty
[2025-06-18 16:05:09] cpg.method.fullName("strchr").parameter.toJsonPretty
[2025-06-18 16:05:09] cpg.method.fullName("<operator>.indirection").toJsonPretty
[2025-06-18 16:05:10] cpg.method.fullName("<operator>.notEquals").toJsonPretty
[2025-06-18 16:05:10] cpg.method.fullName("close").toJsonPretty
[2025-06-18 16:05:10] cpg.method.fullName("close").parameter.toJsonPretty
[2025-06-18 16:05:10] cpg.method.fullName("execl").toJsonPretty
[2025-06-18 16:05:10] cpg.method.fullName("execl").parameter.toJsonPretty
[2025-06-18 16:05:10] cpg.method.fullName("strcat").toJsonPretty
[2025-06-18 16:05:10] cpg.method.fullName("strcat").parameter.toJsonPretty
[2025-06-18 16:05:10] cpg.method.fullName("srand").toJsonPretty
[2025-06-18 16:05:10] cpg.method.fullName("srand").parameter.toJsonPretty
[2025-06-18 16:05:10] cpg.method.fullName("time").toJsonPretty
[2025-06-18 16:05:10] cpg.method.fullName("time").parameter.toJsonPretty
[2025-06-18 16:05:10] 1 + 1
[2025-06-18 16:05:10] import io.joern.dataflowengineoss.*
[2025-06-18 16:07:44] importCode("/home/nstl/data/CPGvulnHunter/test/test_case/juliet/output/CWE78_OS_Command_Injection/s01/CWE78_OS_Command_Injection__char_connect_socket_execl_01")
[2025-06-18 16:07:46] cpg.method.fullName.toJsonPretty
[2025-06-18 16:07:46] cpg.method.fullName("CWE78_OS_Command_Injection__char_connect_socket_execl_01.c:<global>").toJsonPretty
[2025-06-18 16:07:46] cpg.method.fullName("CWE78_OS_Command_Injection__char_connect_socket_execl_01_bad").toJsonPretty
[2025-06-18 16:07:46] cpg.method.fullName("goodG2B").toJsonPretty
[2025-06-18 16:07:46] cpg.method.fullName("CWE78_OS_Command_Injection__char_connect_socket_execl_01_good").toJsonPretty
[2025-06-18 16:07:46] cpg.method.fullName("main").toJsonPretty
[2025-06-18 16:07:46] cpg.method.fullName("<includes>:<global>").toJsonPretty
[2025-06-18 16:07:46] cpg.method.fullName("printLongLongLine").toJsonPretty
[2025-06-18 16:07:46] cpg.method.fullName("printHexCharLine").toJsonPretty
[2025-06-18 16:07:46] cpg.method.fullName("printWcharLine").toJsonPretty
[2025-06-18 16:07:46] cpg.method.fullName("printBytesLine").toJsonPretty
[2025-06-18 16:07:46] cpg.method.fullName("printShortLine").toJsonPretty
[2025-06-18 16:07:46] cpg.method.fullName("printLongLine").toJsonPretty
[2025-06-18 16:07:46] cpg.method.fullName("printFloatLine").toJsonPretty
[2025-06-18 16:07:46] cpg.method.fullName("printLine").toJsonPretty
[2025-06-18 16:07:47] cpg.method.fullName("decodeHexChars").toJsonPretty
[2025-06-18 16:07:47] cpg.method.fullName("printUnsignedLine").toJsonPretty
[2025-06-18 16:07:47] cpg.method.fullName("printHexUnsignedCharLine").toJsonPretty
[2025-06-18 16:07:47] cpg.method.fullName("globalReturnsTrueOrFalse").toJsonPretty
[2025-06-18 16:07:47] cpg.method.fullName("globalReturnsFalse").toJsonPretty
[2025-06-18 16:07:47] cpg.method.fullName("globalReturnsTrue").toJsonPretty
[2025-06-18 16:07:47] cpg.method.fullName("printSizeTLine").toJsonPretty
[2025-06-18 16:07:47] cpg.method.fullName("printIntLine").toJsonPretty
[2025-06-18 16:07:47] cpg.method.fullName("printStructLine").toJsonPretty
[2025-06-18 16:07:47] cpg.method.fullName("decodeHexWChars").toJsonPretty
[2025-06-18 16:07:47] cpg.method.fullName("printWLine").toJsonPretty
[2025-06-18 16:07:47] cpg.method.fullName("printDoubleLine").toJsonPretty
[2025-06-18 16:07:47] cpg.method.fullName("<operator>.assignment").toJsonPretty
[2025-06-18 16:07:47] cpg.method.fullName("<operator>.alloc").toJsonPretty
[2025-06-18 16:07:47] cpg.method.fullName("<operator>.minus").toJsonPretty
[2025-06-18 16:07:47] cpg.method.fullName("strlen").toJsonPretty
[2025-06-18 16:07:47] cpg.method.fullName("strlen").parameter.toJsonPretty
[2025-06-18 16:07:47] cpg.method.fullName("socket").toJsonPretty
[2025-06-18 16:07:47] cpg.method.fullName("socket").parameter.toJsonPretty
[2025-06-18 16:07:47] cpg.method.fullName("<operator>.equals").toJsonPretty
[2025-06-18 16:07:47] cpg.method.fullName("memset").toJsonPretty
[2025-06-18 16:07:48] cpg.method.fullName("memset").parameter.toJsonPretty
[2025-06-18 16:07:48] cpg.method.fullName("<operator>.addressOf").toJsonPretty
[2025-06-18 16:07:48] cpg.method.fullName("<operator>.sizeOf").toJsonPretty
[2025-06-18 16:07:48] cpg.method.fullName("<operator>.fieldAccess").toJsonPretty
[2025-06-18 16:07:48] cpg.method.fullName("inet_addr").toJsonPretty
[2025-06-18 16:07:48] cpg.method.fullName("inet_addr").parameter.toJsonPretty
[2025-06-18 16:07:48] cpg.method.fullName("htons").toJsonPretty
[2025-06-18 16:07:48] cpg.method.fullName("htons").parameter.toJsonPretty
[2025-06-18 16:07:48] cpg.method.fullName("connect").toJsonPretty
[2025-06-18 16:07:48] cpg.method.fullName("connect").parameter.toJsonPretty
[2025-06-18 16:07:48] cpg.method.fullName("<operator>.cast").toJsonPretty
[2025-06-18 16:07:48] cpg.method.fullName("recv").toJsonPretty
[2025-06-18 16:07:48] cpg.method.fullName("recv").parameter.toJsonPretty
[2025-06-18 16:07:48] cpg.method.fullName("<operator>.addition").toJsonPretty
[2025-06-18 16:07:48] cpg.method.fullName("<operator>.multiplication").toJsonPretty
[2025-06-18 16:07:48] cpg.method.fullName("<operator>.subtraction").toJsonPretty
[2025-06-18 16:07:48] cpg.method.fullName("<operator>.logicalOr").toJsonPretty
[2025-06-18 16:07:48] cpg.method.fullName("<operator>.indirectIndexAccess").toJsonPretty
[2025-06-18 16:07:48] cpg.method.fullName("<operator>.division").toJsonPretty
[2025-06-18 16:07:49] cpg.method.fullName("strchr").toJsonPretty
[2025-06-18 16:07:49] cpg.method.fullName("strchr").parameter.toJsonPretty
[2025-06-18 16:07:49] cpg.method.fullName("<operator>.indirection").toJsonPretty
[2025-06-18 16:07:49] cpg.method.fullName("<operator>.notEquals").toJsonPretty
[2025-06-18 16:07:49] cpg.method.fullName("close").toJsonPretty
[2025-06-18 16:07:49] cpg.method.fullName("close").parameter.toJsonPretty
[2025-06-18 16:07:49] cpg.method.fullName("execl").toJsonPretty
[2025-06-18 16:07:49] cpg.method.fullName("execl").parameter.toJsonPretty
[2025-06-18 16:07:49] cpg.method.fullName("strcat").toJsonPretty
[2025-06-18 16:07:49] cpg.method.fullName("strcat").parameter.toJsonPretty
[2025-06-18 16:07:49] cpg.method.fullName("srand").toJsonPretty
[2025-06-18 16:07:49] cpg.method.fullName("srand").parameter.toJsonPretty
[2025-06-18 16:07:49] cpg.method.fullName("time").toJsonPretty
[2025-06-18 16:07:49] cpg.method.fullName("time").parameter.toJsonPretty
[2025-06-18 16:07:49] 1 + 1
[2025-06-18 16:07:49] import io.joern.dataflowengineoss.*
[2025-06-18 16:08:36] importCode("/home/nstl/data/CPGvulnHunter/test/test_case/juliet/output/CWE78_OS_Command_Injection/s01/CWE78_OS_Command_Injection__char_connect_socket_execl_01")
[2025-06-18 16:08:38] cpg.method.fullName.toJsonPretty
[2025-06-18 16:08:38] cpg.method.fullName("CWE78_OS_Command_Injection__char_connect_socket_execl_01.c:<global>").toJsonPretty
[2025-06-18 16:08:38] cpg.method.fullName("CWE78_OS_Command_Injection__char_connect_socket_execl_01_bad").toJsonPretty
[2025-06-18 16:08:38] cpg.method.fullName("goodG2B").toJsonPretty
[2025-06-18 16:08:38] cpg.method.fullName("CWE78_OS_Command_Injection__char_connect_socket_execl_01_good").toJsonPretty
[2025-06-18 16:08:38] cpg.method.fullName("main").toJsonPretty
[2025-06-18 16:08:38] cpg.method.fullName("<includes>:<global>").toJsonPretty
[2025-06-18 16:08:38] cpg.method.fullName("printLongLongLine").toJsonPretty
[2025-06-18 16:08:38] cpg.method.fullName("printHexCharLine").toJsonPretty
[2025-06-18 16:08:38] cpg.method.fullName("printWcharLine").toJsonPretty
[2025-06-18 16:08:38] cpg.method.fullName("printBytesLine").toJsonPretty
[2025-06-18 16:08:38] cpg.method.fullName("printShortLine").toJsonPretty
[2025-06-18 16:08:38] cpg.method.fullName("printLongLine").toJsonPretty
[2025-06-18 16:08:38] cpg.method.fullName("printFloatLine").toJsonPretty
[2025-06-18 16:08:38] cpg.method.fullName("printLine").toJsonPretty
[2025-06-18 16:08:38] cpg.method.fullName("decodeHexChars").toJsonPretty
[2025-06-18 16:08:38] cpg.method.fullName("printUnsignedLine").toJsonPretty
[2025-06-18 16:08:39] cpg.method.fullName("printHexUnsignedCharLine").toJsonPretty
[2025-06-18 16:08:39] cpg.method.fullName("globalReturnsTrueOrFalse").toJsonPretty
[2025-06-18 16:08:39] cpg.method.fullName("globalReturnsFalse").toJsonPretty
[2025-06-18 16:08:39] cpg.method.fullName("globalReturnsTrue").toJsonPretty
[2025-06-18 16:08:39] cpg.method.fullName("printSizeTLine").toJsonPretty
[2025-06-18 16:08:39] cpg.method.fullName("printIntLine").toJsonPretty
[2025-06-18 16:08:39] cpg.method.fullName("printStructLine").toJsonPretty
[2025-06-18 16:08:39] cpg.method.fullName("decodeHexWChars").toJsonPretty
[2025-06-18 16:08:39] cpg.method.fullName("printWLine").toJsonPretty
[2025-06-18 16:08:39] cpg.method.fullName("printDoubleLine").toJsonPretty
[2025-06-18 16:08:39] cpg.method.fullName("<operator>.assignment").toJsonPretty
[2025-06-18 16:08:39] cpg.method.fullName("<operator>.alloc").toJsonPretty
[2025-06-18 16:08:39] cpg.method.fullName("<operator>.minus").toJsonPretty
[2025-06-18 16:08:39] cpg.method.fullName("strlen").toJsonPretty
[2025-06-18 16:08:39] cpg.method.fullName("strlen").parameter.toJsonPretty
[2025-06-18 16:08:39] cpg.method.fullName("socket").toJsonPretty
[2025-06-18 16:08:39] cpg.method.fullName("socket").parameter.toJsonPretty
[2025-06-18 16:08:39] cpg.method.fullName("<operator>.equals").toJsonPretty
[2025-06-18 16:08:39] cpg.method.fullName("memset").toJsonPretty
[2025-06-18 16:08:39] cpg.method.fullName("memset").parameter.toJsonPretty
[2025-06-18 16:08:39] cpg.method.fullName("<operator>.addressOf").toJsonPretty
[2025-06-18 16:08:40] cpg.method.fullName("<operator>.sizeOf").toJsonPretty
[2025-06-18 16:08:40] cpg.method.fullName("<operator>.fieldAccess").toJsonPretty
[2025-06-18 16:08:40] cpg.method.fullName("inet_addr").toJsonPretty
[2025-06-18 16:08:40] cpg.method.fullName("inet_addr").parameter.toJsonPretty
[2025-06-18 16:08:40] cpg.method.fullName("htons").toJsonPretty
[2025-06-18 16:08:40] cpg.method.fullName("htons").parameter.toJsonPretty
[2025-06-18 16:08:40] cpg.method.fullName("connect").toJsonPretty
[2025-06-18 16:08:40] cpg.method.fullName("connect").parameter.toJsonPretty
[2025-06-18 16:08:40] cpg.method.fullName("<operator>.cast").toJsonPretty
[2025-06-18 16:08:40] cpg.method.fullName("recv").toJsonPretty
[2025-06-18 16:08:40] cpg.method.fullName("recv").parameter.toJsonPretty
[2025-06-18 16:08:40] cpg.method.fullName("<operator>.addition").toJsonPretty
[2025-06-18 16:08:40] cpg.method.fullName("<operator>.multiplication").toJsonPretty
[2025-06-18 16:08:40] cpg.method.fullName("<operator>.subtraction").toJsonPretty
[2025-06-18 16:08:40] cpg.method.fullName("<operator>.logicalOr").toJsonPretty
[2025-06-18 16:08:40] cpg.method.fullName("<operator>.indirectIndexAccess").toJsonPretty
[2025-06-18 16:08:40] cpg.method.fullName("<operator>.division").toJsonPretty
[2025-06-18 16:08:40] cpg.method.fullName("strchr").toJsonPretty
[2025-06-18 16:08:41] cpg.method.fullName("strchr").parameter.toJsonPretty
[2025-06-18 16:08:41] cpg.method.fullName("<operator>.indirection").toJsonPretty
[2025-06-18 16:08:41] cpg.method.fullName("<operator>.notEquals").toJsonPretty
[2025-06-18 16:08:41] cpg.method.fullName("close").toJsonPretty
[2025-06-18 16:08:41] cpg.method.fullName("close").parameter.toJsonPretty
[2025-06-18 16:08:41] cpg.method.fullName("execl").toJsonPretty
[2025-06-18 16:08:41] cpg.method.fullName("execl").parameter.toJsonPretty
[2025-06-18 16:08:41] cpg.method.fullName("strcat").toJsonPretty
[2025-06-18 16:08:41] cpg.method.fullName("strcat").parameter.toJsonPretty
[2025-06-18 16:08:41] cpg.method.fullName("srand").toJsonPretty
[2025-06-18 16:08:41] cpg.method.fullName("srand").parameter.toJsonPretty
[2025-06-18 16:08:41] cpg.method.fullName("time").toJsonPretty
[2025-06-18 16:08:41] cpg.method.fullName("time").parameter.toJsonPretty
[2025-06-18 16:08:41] 1 + 1
[2025-06-18 16:08:41] import io.joern.dataflowengineoss.*
[2025-06-18 16:08:41] cpg.methodParameterIn.where(_.method.fullName("execl")).index(1).l.reachableByDetailed(cpg.call.where(_.methodFullName("recv")).argument(1).l).toJsonPretty
[2025-06-18 16:08:41] cpg.methodParameterIn.where(_.method.fullName("execl")).index(2).l.reachableByDetailed(cpg.call.where(_.methodFullName("recv")).argument(1).l).toJsonPretty
[2025-06-18 16:19:50] importCode("/home/nstl/data/CPGvulnHunter/test/test_case/juliet/output/CWE78_OS_Command_Injection/s01/CWE78_OS_Command_Injection__char_connect_socket_execl_01")
[2025-06-18 16:19:51] cpg.method.fullName.toJsonPretty
[2025-06-18 16:19:51] cpg.method.fullName("CWE78_OS_Command_Injection__char_connect_socket_execl_01.c:<global>").toJsonPretty
[2025-06-18 16:19:51] cpg.method.fullName("CWE78_OS_Command_Injection__char_connect_socket_execl_01_bad").toJsonPretty
[2025-06-18 16:19:51] cpg.method.fullName("goodG2B").toJsonPretty
[2025-06-18 16:19:51] cpg.method.fullName("CWE78_OS_Command_Injection__char_connect_socket_execl_01_good").toJsonPretty
[2025-06-18 16:19:51] cpg.method.fullName("main").toJsonPretty
[2025-06-18 16:19:51] cpg.method.fullName("<includes>:<global>").toJsonPretty
[2025-06-18 16:19:52] cpg.method.fullName("printLongLongLine").toJsonPretty
[2025-06-18 16:19:52] cpg.method.fullName("printHexCharLine").toJsonPretty
[2025-06-18 16:19:52] cpg.method.fullName("printWcharLine").toJsonPretty
[2025-06-18 16:19:52] cpg.method.fullName("printBytesLine").toJsonPretty
[2025-06-18 16:19:52] cpg.method.fullName("printShortLine").toJsonPretty
[2025-06-18 16:19:52] cpg.method.fullName("printLongLine").toJsonPretty
[2025-06-18 16:19:52] cpg.method.fullName("printFloatLine").toJsonPretty
[2025-06-18 16:19:52] cpg.method.fullName("printLine").toJsonPretty
[2025-06-18 16:19:52] cpg.method.fullName("decodeHexChars").toJsonPretty
[2025-06-18 16:19:52] cpg.method.fullName("printUnsignedLine").toJsonPretty
[2025-06-18 16:19:52] cpg.method.fullName("printHexUnsignedCharLine").toJsonPretty
[2025-06-18 16:19:52] cpg.method.fullName("globalReturnsTrueOrFalse").toJsonPretty
[2025-06-18 16:19:52] cpg.method.fullName("globalReturnsFalse").toJsonPretty
[2025-06-18 16:19:52] cpg.method.fullName("globalReturnsTrue").toJsonPretty
[2025-06-18 16:19:52] cpg.method.fullName("printSizeTLine").toJsonPretty
[2025-06-18 16:19:52] cpg.method.fullName("printIntLine").toJsonPretty
[2025-06-18 16:19:52] cpg.method.fullName("printStructLine").toJsonPretty
[2025-06-18 16:19:52] cpg.method.fullName("decodeHexWChars").toJsonPretty
[2025-06-18 16:19:53] cpg.method.fullName("printWLine").toJsonPretty
[2025-06-18 16:19:53] cpg.method.fullName("printDoubleLine").toJsonPretty
[2025-06-18 16:19:53] cpg.method.fullName("<operator>.assignment").toJsonPretty
[2025-06-18 16:19:53] cpg.method.fullName("<operator>.alloc").toJsonPretty
[2025-06-18 16:19:53] cpg.method.fullName("<operator>.minus").toJsonPretty
[2025-06-18 16:19:53] cpg.method.fullName("strlen").toJsonPretty
[2025-06-18 16:19:53] cpg.method.fullName("strlen").parameter.toJsonPretty
[2025-06-18 16:19:53] cpg.method.fullName("socket").toJsonPretty
[2025-06-18 16:19:53] cpg.method.fullName("socket").parameter.toJsonPretty
[2025-06-18 16:19:53] cpg.method.fullName("<operator>.equals").toJsonPretty
[2025-06-18 16:19:53] cpg.method.fullName("memset").toJsonPretty
[2025-06-18 16:19:53] cpg.method.fullName("memset").parameter.toJsonPretty
[2025-06-18 16:19:53] cpg.method.fullName("<operator>.addressOf").toJsonPretty
[2025-06-18 16:19:53] cpg.method.fullName("<operator>.sizeOf").toJsonPretty
[2025-06-18 16:19:53] cpg.method.fullName("<operator>.fieldAccess").toJsonPretty
[2025-06-18 16:19:53] cpg.method.fullName("inet_addr").toJsonPretty
[2025-06-18 16:19:53] cpg.method.fullName("inet_addr").parameter.toJsonPretty
[2025-06-18 16:19:53] cpg.method.fullName("htons").toJsonPretty
[2025-06-18 16:19:53] cpg.method.fullName("htons").parameter.toJsonPretty
[2025-06-18 16:19:53] cpg.method.fullName("connect").toJsonPretty
[2025-06-18 16:19:54] cpg.method.fullName("connect").parameter.toJsonPretty
[2025-06-18 16:19:54] cpg.method.fullName("<operator>.cast").toJsonPretty
[2025-06-18 16:19:54] cpg.method.fullName("recv").toJsonPretty
[2025-06-18 16:19:54] cpg.method.fullName("recv").parameter.toJsonPretty
[2025-06-18 16:19:54] cpg.method.fullName("<operator>.addition").toJsonPretty
[2025-06-18 16:19:54] cpg.method.fullName("<operator>.multiplication").toJsonPretty
[2025-06-18 16:19:54] cpg.method.fullName("<operator>.subtraction").toJsonPretty
[2025-06-18 16:19:54] cpg.method.fullName("<operator>.logicalOr").toJsonPretty
[2025-06-18 16:19:54] cpg.method.fullName("<operator>.indirectIndexAccess").toJsonPretty
[2025-06-18 16:19:54] cpg.method.fullName("<operator>.division").toJsonPretty
[2025-06-18 16:19:54] cpg.method.fullName("strchr").toJsonPretty
[2025-06-18 16:19:54] cpg.method.fullName("strchr").parameter.toJsonPretty
[2025-06-18 16:19:54] cpg.method.fullName("<operator>.indirection").toJsonPretty
[2025-06-18 16:19:54] cpg.method.fullName("<operator>.notEquals").toJsonPretty
[2025-06-18 16:19:54] cpg.method.fullName("close").toJsonPretty
[2025-06-18 16:19:54] cpg.method.fullName("close").parameter.toJsonPretty
[2025-06-18 16:19:54] cpg.method.fullName("execl").toJsonPretty
[2025-06-18 16:19:54] cpg.method.fullName("execl").parameter.toJsonPretty
[2025-06-18 16:19:55] cpg.method.fullName("strcat").toJsonPretty
[2025-06-18 16:19:55] cpg.method.fullName("strcat").parameter.toJsonPretty
[2025-06-18 16:19:55] cpg.method.fullName("srand").toJsonPretty
[2025-06-18 16:19:55] cpg.method.fullName("srand").parameter.toJsonPretty
[2025-06-18 16:19:55] cpg.method.fullName("time").toJsonPretty
[2025-06-18 16:19:55] cpg.method.fullName("time").parameter.toJsonPretty
[2025-06-18 16:19:55] 1 + 1
[2025-06-18 16:19:55] import io.joern.dataflowengineoss.*
[2025-06-18 16:19:55] cpg.methodParameterIn.where(_.method.fullName("execl")).index(1).l.reachableByDetailed(cpg.call.where(_.methodFullName("recv")).argument(1).l).toJsonPretty
[2025-06-18 16:19:55] cpg.methodParameterIn.where(_.method.fullName("execl")).index(2).l.reachableByDetailed(cpg.call.where(_.methodFullName("recv")).argument(1).l).toJsonPretty
[2025-06-18 16:20:42] importCode("/home/nstl/data/CPGvulnHunter/test/test_case/juliet/output/CWE78_OS_Command_Injection/s01/CWE78_OS_Command_Injection__char_connect_socket_execl_01")
[2025-06-18 16:20:44] cpg.method.fullName.toJsonPretty
[2025-06-18 16:20:44] cpg.method.fullName("CWE78_OS_Command_Injection__char_connect_socket_execl_01.c:<global>").toJsonPretty
[2025-06-18 16:20:44] cpg.method.fullName("CWE78_OS_Command_Injection__char_connect_socket_execl_01_bad").toJsonPretty
[2025-06-18 16:20:44] cpg.method.fullName("goodG2B").toJsonPretty
[2025-06-18 16:20:44] cpg.method.fullName("CWE78_OS_Command_Injection__char_connect_socket_execl_01_good").toJsonPretty
[2025-06-18 16:20:44] cpg.method.fullName("main").toJsonPretty
[2025-06-18 16:20:44] cpg.method.fullName("<includes>:<global>").toJsonPretty
[2025-06-18 16:20:44] cpg.method.fullName("printLongLongLine").toJsonPretty
[2025-06-18 16:20:44] cpg.method.fullName("printHexCharLine").toJsonPretty
[2025-06-18 16:20:44] cpg.method.fullName("printWcharLine").toJsonPretty
[2025-06-18 16:20:44] cpg.method.fullName("printBytesLine").toJsonPretty
[2025-06-18 16:20:44] cpg.method.fullName("printShortLine").toJsonPretty
[2025-06-18 16:20:44] cpg.method.fullName("printLongLine").toJsonPretty
[2025-06-18 16:20:44] cpg.method.fullName("printFloatLine").toJsonPretty
[2025-06-18 16:20:44] cpg.method.fullName("printLine").toJsonPretty
[2025-06-18 16:20:45] cpg.method.fullName("decodeHexChars").toJsonPretty
[2025-06-18 16:20:45] cpg.method.fullName("printUnsignedLine").toJsonPretty
[2025-06-18 16:20:45] cpg.method.fullName("printHexUnsignedCharLine").toJsonPretty
[2025-06-18 16:20:45] cpg.method.fullName("globalReturnsTrueOrFalse").toJsonPretty
[2025-06-18 16:20:45] cpg.method.fullName("globalReturnsFalse").toJsonPretty
[2025-06-18 16:20:45] cpg.method.fullName("globalReturnsTrue").toJsonPretty
[2025-06-18 16:20:45] cpg.method.fullName("printSizeTLine").toJsonPretty
[2025-06-18 16:20:45] cpg.method.fullName("printIntLine").toJsonPretty
[2025-06-18 16:20:45] cpg.method.fullName("printStructLine").toJsonPretty
[2025-06-18 16:20:45] cpg.method.fullName("decodeHexWChars").toJsonPretty
[2025-06-18 16:20:45] cpg.method.fullName("printWLine").toJsonPretty
[2025-06-18 16:20:45] cpg.method.fullName("printDoubleLine").toJsonPretty
[2025-06-18 16:20:45] cpg.method.fullName("<operator>.assignment").toJsonPretty
[2025-06-18 16:20:45] cpg.method.fullName("<operator>.alloc").toJsonPretty
[2025-06-18 16:20:45] cpg.method.fullName("<operator>.minus").toJsonPretty
[2025-06-18 16:20:45] cpg.method.fullName("strlen").toJsonPretty
[2025-06-18 16:20:45] cpg.method.fullName("strlen").parameter.toJsonPretty
[2025-06-18 16:20:46] cpg.method.fullName("socket").toJsonPretty
[2025-06-18 16:20:46] cpg.method.fullName("socket").parameter.toJsonPretty
[2025-06-18 16:20:46] cpg.method.fullName("<operator>.equals").toJsonPretty
[2025-06-18 16:20:46] cpg.method.fullName("memset").toJsonPretty
[2025-06-18 16:20:46] cpg.method.fullName("memset").parameter.toJsonPretty
[2025-06-18 16:20:46] cpg.method.fullName("<operator>.addressOf").toJsonPretty
[2025-06-18 16:20:46] cpg.method.fullName("<operator>.sizeOf").toJsonPretty
[2025-06-18 16:20:46] cpg.method.fullName("<operator>.fieldAccess").toJsonPretty
[2025-06-18 16:20:46] cpg.method.fullName("inet_addr").toJsonPretty
[2025-06-18 16:20:46] cpg.method.fullName("inet_addr").parameter.toJsonPretty
[2025-06-18 16:20:46] cpg.method.fullName("htons").toJsonPretty
[2025-06-18 16:20:46] cpg.method.fullName("htons").parameter.toJsonPretty
[2025-06-18 16:20:46] cpg.method.fullName("connect").toJsonPretty
[2025-06-18 16:20:46] cpg.method.fullName("connect").parameter.toJsonPretty
[2025-06-18 16:20:46] cpg.method.fullName("<operator>.cast").toJsonPretty
[2025-06-18 16:20:47] cpg.method.fullName("recv").toJsonPretty
[2025-06-18 16:20:47] cpg.method.fullName("recv").parameter.toJsonPretty
[2025-06-18 16:20:47] cpg.method.fullName("<operator>.addition").toJsonPretty
[2025-06-18 16:20:47] cpg.method.fullName("<operator>.multiplication").toJsonPretty
[2025-06-18 16:20:47] cpg.method.fullName("<operator>.subtraction").toJsonPretty
[2025-06-18 16:20:47] cpg.method.fullName("<operator>.logicalOr").toJsonPretty
[2025-06-18 16:20:47] cpg.method.fullName("<operator>.indirectIndexAccess").toJsonPretty
[2025-06-18 16:20:47] cpg.method.fullName("<operator>.division").toJsonPretty
[2025-06-18 16:20:47] cpg.method.fullName("strchr").toJsonPretty
[2025-06-18 16:20:47] cpg.method.fullName("strchr").parameter.toJsonPretty
[2025-06-18 16:20:47] cpg.method.fullName("<operator>.indirection").toJsonPretty
[2025-06-18 16:20:47] cpg.method.fullName("<operator>.notEquals").toJsonPretty
[2025-06-18 16:20:47] cpg.method.fullName("close").toJsonPretty
[2025-06-18 16:20:47] cpg.method.fullName("close").parameter.toJsonPretty
[2025-06-18 16:20:47] cpg.method.fullName("execl").toJsonPretty
[2025-06-18 16:20:47] cpg.method.fullName("execl").parameter.toJsonPretty
[2025-06-18 16:20:47] cpg.method.fullName("strcat").toJsonPretty
[2025-06-18 16:20:48] cpg.method.fullName("strcat").parameter.toJsonPretty
[2025-06-18 16:20:48] cpg.method.fullName("srand").toJsonPretty
[2025-06-18 16:20:48] cpg.method.fullName("srand").parameter.toJsonPretty
[2025-06-18 16:20:48] cpg.method.fullName("time").toJsonPretty
[2025-06-18 16:20:48] cpg.method.fullName("time").parameter.toJsonPretty
[2025-06-18 16:20:48] 1 + 1
[2025-06-18 16:20:48] import io.joern.dataflowengineoss.*
[2025-06-18 16:20:48] cpg.methodParameterIn.where(_.method.fullName("execl")).index(1).l.reachableByDetailed(cpg.call.where(_.methodFullName("recv")).argument(1).l).toJsonPretty
[2025-06-18 16:20:48] cpg.methodParameterIn.where(_.method.fullName("execl")).index(2).l.reachableByDetailed(cpg.call.where(_.methodFullName("recv")).argument(1).l).toJsonPretty
[2025-06-18 16:24:08] importCode("/home/nstl/data/CPGvulnHunter/test/test_case/juliet/output/CWE78_OS_Command_Injection/s01/CWE78_OS_Command_Injection__char_connect_socket_execl_01")
[2025-06-18 16:24:09] cpg.method.fullName.toJsonPretty
[2025-06-18 16:24:09] cpg.method.fullName("CWE78_OS_Command_Injection__char_connect_socket_execl_01.c:<global>").toJsonPretty
[2025-06-18 16:24:09] cpg.method.fullName("CWE78_OS_Command_Injection__char_connect_socket_execl_01_bad").toJsonPretty
[2025-06-18 16:24:09] cpg.method.fullName("goodG2B").toJsonPretty
[2025-06-18 16:24:09] cpg.method.fullName("CWE78_OS_Command_Injection__char_connect_socket_execl_01_good").toJsonPretty
[2025-06-18 16:24:09] cpg.method.fullName("main").toJsonPretty
[2025-06-18 16:24:10] cpg.method.fullName("<includes>:<global>").toJsonPretty
[2025-06-18 16:24:10] cpg.method.fullName("printLongLongLine").toJsonPretty
[2025-06-18 16:24:10] cpg.method.fullName("printHexCharLine").toJsonPretty
[2025-06-18 16:24:10] cpg.method.fullName("printWcharLine").toJsonPretty
[2025-06-18 16:24:10] cpg.method.fullName("printBytesLine").toJsonPretty
[2025-06-18 16:24:10] cpg.method.fullName("printShortLine").toJsonPretty
[2025-06-18 16:24:10] cpg.method.fullName("printLongLine").toJsonPretty
[2025-06-18 16:24:10] cpg.method.fullName("printFloatLine").toJsonPretty
[2025-06-18 16:24:10] cpg.method.fullName("printLine").toJsonPretty
[2025-06-18 16:24:10] cpg.method.fullName("decodeHexChars").toJsonPretty
[2025-06-18 16:24:10] cpg.method.fullName("printUnsignedLine").toJsonPretty
[2025-06-18 16:24:10] cpg.method.fullName("printHexUnsignedCharLine").toJsonPretty
[2025-06-18 16:24:10] cpg.method.fullName("globalReturnsTrueOrFalse").toJsonPretty
[2025-06-18 16:24:10] cpg.method.fullName("globalReturnsFalse").toJsonPretty
[2025-06-18 16:24:11] cpg.method.fullName("globalReturnsTrue").toJsonPretty
[2025-06-18 16:24:11] cpg.method.fullName("printSizeTLine").toJsonPretty
[2025-06-18 16:24:11] cpg.method.fullName("printIntLine").toJsonPretty
[2025-06-18 16:24:11] cpg.method.fullName("printStructLine").toJsonPretty
[2025-06-18 16:24:11] cpg.method.fullName("decodeHexWChars").toJsonPretty
[2025-06-18 16:24:11] cpg.method.fullName("printWLine").toJsonPretty
[2025-06-18 16:24:11] cpg.method.fullName("printDoubleLine").toJsonPretty
[2025-06-18 16:24:11] cpg.method.fullName("<operator>.assignment").toJsonPretty
[2025-06-18 16:24:11] cpg.method.fullName("<operator>.alloc").toJsonPretty
[2025-06-18 16:24:11] cpg.method.fullName("<operator>.minus").toJsonPretty
[2025-06-18 16:24:11] cpg.method.fullName("strlen").toJsonPretty
[2025-06-18 16:24:11] cpg.method.fullName("strlen").parameter.toJsonPretty
[2025-06-18 16:24:11] cpg.method.fullName("socket").toJsonPretty
[2025-06-18 16:24:11] cpg.method.fullName("socket").parameter.toJsonPretty
[2025-06-18 16:24:11] cpg.method.fullName("<operator>.equals").toJsonPretty
[2025-06-18 16:24:11] cpg.method.fullName("memset").toJsonPretty
[2025-06-18 16:24:12] cpg.method.fullName("memset").parameter.toJsonPretty
[2025-06-18 16:24:12] cpg.method.fullName("<operator>.addressOf").toJsonPretty
[2025-06-18 16:24:12] cpg.method.fullName("<operator>.sizeOf").toJsonPretty
[2025-06-18 16:24:12] cpg.method.fullName("<operator>.fieldAccess").toJsonPretty
[2025-06-18 16:24:12] cpg.method.fullName("inet_addr").toJsonPretty
[2025-06-18 16:24:12] cpg.method.fullName("inet_addr").parameter.toJsonPretty
[2025-06-18 16:24:12] cpg.method.fullName("htons").toJsonPretty
[2025-06-18 16:24:12] cpg.method.fullName("htons").parameter.toJsonPretty
[2025-06-18 16:24:12] cpg.method.fullName("connect").toJsonPretty
[2025-06-18 16:24:12] cpg.method.fullName("connect").parameter.toJsonPretty
[2025-06-18 16:24:12] cpg.method.fullName("<operator>.cast").toJsonPretty
[2025-06-18 16:24:12] cpg.method.fullName("recv").toJsonPretty
[2025-06-18 16:24:12] cpg.method.fullName("recv").parameter.toJsonPretty
[2025-06-18 16:24:12] cpg.method.fullName("<operator>.addition").toJsonPretty
[2025-06-18 16:24:12] cpg.method.fullName("<operator>.multiplication").toJsonPretty
[2025-06-18 16:24:12] cpg.method.fullName("<operator>.subtraction").toJsonPretty
[2025-06-18 16:24:13] cpg.method.fullName("<operator>.logicalOr").toJsonPretty
[2025-06-18 16:24:13] cpg.method.fullName("<operator>.indirectIndexAccess").toJsonPretty
[2025-06-18 16:24:13] cpg.method.fullName("<operator>.division").toJsonPretty
[2025-06-18 16:24:13] cpg.method.fullName("strchr").toJsonPretty
[2025-06-18 16:24:13] cpg.method.fullName("strchr").parameter.toJsonPretty
[2025-06-18 16:24:13] cpg.method.fullName("<operator>.indirection").toJsonPretty
[2025-06-18 16:24:13] cpg.method.fullName("<operator>.notEquals").toJsonPretty
[2025-06-18 16:24:13] cpg.method.fullName("close").toJsonPretty
[2025-06-18 16:24:13] cpg.method.fullName("close").parameter.toJsonPretty
[2025-06-18 16:24:13] cpg.method.fullName("execl").toJsonPretty
[2025-06-18 16:24:13] cpg.method.fullName("execl").parameter.toJsonPretty
[2025-06-18 16:24:13] cpg.method.fullName("strcat").toJsonPretty
[2025-06-18 16:24:13] cpg.method.fullName("strcat").parameter.toJsonPretty
[2025-06-18 16:24:13] cpg.method.fullName("srand").toJsonPretty
[2025-06-18 16:24:13] cpg.method.fullName("srand").parameter.toJsonPretty
[2025-06-18 16:24:13] cpg.method.fullName("time").toJsonPretty
[2025-06-18 16:24:13] cpg.method.fullName("time").parameter.toJsonPretty
[2025-06-18 16:24:13] 1 + 1
[2025-06-18 16:24:14] import io.joern.dataflowengineoss.*
[2025-06-18 16:24:18] cpg.methodParameterIn.where(_.method.fullName("execl")).index(1).l.reachableByDetailed(cpg.call.where(_.methodFullName("recv")).argument(1).l).toJsonPretty
[2025-06-18 16:25:08] cpg.methodParameterIn.where(_.method.fullName("execl")).index(2).l.reachableByDetailed(cpg.call.where(_.methodFullName("recv")).argument(1).l).toJsonPretty
[2025-06-18 21:07:18] importCode("/home/nstl/data/CPGvulnHunter/test/test_case/juliet/output/CWE78_OS_Command_Injection/s01/CWE78_OS_Command_Injection__char_connect_socket_execl_01")
[2025-06-18 21:07:20] cpg.method.fullName.toJsonPretty
[2025-06-18 21:07:20] cpg.method.fullName("CWE78_OS_Command_Injection__char_connect_socket_execl_01.c:<global>").toJsonPretty
[2025-06-18 21:07:21] cpg.method.fullName("CWE78_OS_Command_Injection__char_connect_socket_execl_01_bad").toJsonPretty
[2025-06-18 21:07:21] cpg.method.fullName("goodG2B").toJsonPretty
[2025-06-18 21:07:21] cpg.method.fullName("CWE78_OS_Command_Injection__char_connect_socket_execl_01_good").toJsonPretty
[2025-06-18 21:07:21] cpg.method.fullName("main").toJsonPretty
[2025-06-18 21:07:21] cpg.method.fullName("<includes>:<global>").toJsonPretty
[2025-06-18 21:07:21] cpg.method.fullName("printLongLongLine").toJsonPretty
[2025-06-18 21:07:21] cpg.method.fullName("printHexCharLine").toJsonPretty
[2025-06-18 21:07:21] cpg.method.fullName("printWcharLine").toJsonPretty
[2025-06-18 21:07:21] cpg.method.fullName("printBytesLine").toJsonPretty
[2025-06-18 21:07:21] cpg.method.fullName("printShortLine").toJsonPretty
[2025-06-18 21:07:21] cpg.method.fullName("printLongLine").toJsonPretty
[2025-06-18 21:07:21] cpg.method.fullName("printFloatLine").toJsonPretty
[2025-06-18 21:07:21] cpg.method.fullName("printLine").toJsonPretty
[2025-06-18 21:07:22] cpg.method.fullName("decodeHexChars").toJsonPretty
[2025-06-18 21:07:22] cpg.method.fullName("printUnsignedLine").toJsonPretty
[2025-06-18 21:07:22] cpg.method.fullName("printHexUnsignedCharLine").toJsonPretty
[2025-06-18 21:07:22] cpg.method.fullName("globalReturnsTrueOrFalse").toJsonPretty
[2025-06-18 21:07:22] cpg.method.fullName("globalReturnsFalse").toJsonPretty
[2025-06-18 21:07:22] cpg.method.fullName("globalReturnsTrue").toJsonPretty
[2025-06-18 21:07:22] cpg.method.fullName("printSizeTLine").toJsonPretty
[2025-06-18 21:07:22] cpg.method.fullName("printIntLine").toJsonPretty
[2025-06-18 21:07:22] cpg.method.fullName("printStructLine").toJsonPretty
[2025-06-18 21:07:22] cpg.method.fullName("decodeHexWChars").toJsonPretty
[2025-06-18 21:07:22] cpg.method.fullName("printWLine").toJsonPretty
[2025-06-18 21:07:22] cpg.method.fullName("printDoubleLine").toJsonPretty
[2025-06-18 21:07:23] cpg.method.fullName("<operator>.assignment").toJsonPretty
[2025-06-18 21:07:23] cpg.method.fullName("<operator>.alloc").toJsonPretty
[2025-06-18 21:07:23] cpg.method.fullName("<operator>.minus").toJsonPretty
[2025-06-18 21:07:23] cpg.method.fullName("strlen").toJsonPretty
[2025-06-18 21:07:23] cpg.method.fullName("strlen").parameter.toJsonPretty
[2025-06-18 21:07:23] cpg.method.fullName("socket").toJsonPretty
[2025-06-18 21:07:23] cpg.method.fullName("socket").parameter.toJsonPretty
[2025-06-18 21:07:23] cpg.method.fullName("<operator>.equals").toJsonPretty
[2025-06-18 21:07:23] cpg.method.fullName("memset").toJsonPretty
[2025-06-18 21:07:23] cpg.method.fullName("memset").parameter.toJsonPretty
[2025-06-18 21:07:23] cpg.method.fullName("<operator>.addressOf").toJsonPretty
[2025-06-18 21:07:23] cpg.method.fullName("<operator>.sizeOf").toJsonPretty
[2025-06-18 21:07:23] cpg.method.fullName("<operator>.fieldAccess").toJsonPretty
[2025-06-18 21:07:23] cpg.method.fullName("inet_addr").toJsonPretty
[2025-06-18 21:07:23] cpg.method.fullName("inet_addr").parameter.toJsonPretty
[2025-06-18 21:07:24] cpg.method.fullName("htons").toJsonPretty
[2025-06-18 21:07:24] cpg.method.fullName("htons").parameter.toJsonPretty
[2025-06-18 21:07:24] cpg.method.fullName("connect").toJsonPretty
[2025-06-18 21:07:24] cpg.method.fullName("connect").parameter.toJsonPretty
[2025-06-18 21:07:24] cpg.method.fullName("<operator>.cast").toJsonPretty
[2025-06-18 21:07:24] cpg.method.fullName("recv").toJsonPretty
[2025-06-18 21:07:24] cpg.method.fullName("recv").parameter.toJsonPretty
[2025-06-18 21:07:24] cpg.method.fullName("<operator>.addition").toJsonPretty
[2025-06-18 21:07:24] cpg.method.fullName("<operator>.multiplication").toJsonPretty
[2025-06-18 21:07:24] cpg.method.fullName("<operator>.subtraction").toJsonPretty
[2025-06-18 21:07:24] cpg.method.fullName("<operator>.logicalOr").toJsonPretty
[2025-06-18 21:07:24] cpg.method.fullName("<operator>.indirectIndexAccess").toJsonPretty
[2025-06-18 21:07:24] cpg.method.fullName("<operator>.division").toJsonPretty
[2025-06-18 21:07:25] cpg.method.fullName("strchr").toJsonPretty
[2025-06-18 21:07:25] cpg.method.fullName("strchr").parameter.toJsonPretty
[2025-06-18 21:07:25] cpg.method.fullName("<operator>.indirection").toJsonPretty
[2025-06-18 21:07:25] cpg.method.fullName("<operator>.notEquals").toJsonPretty
[2025-06-18 21:07:25] cpg.method.fullName("close").toJsonPretty
[2025-06-18 21:07:25] cpg.method.fullName("close").parameter.toJsonPretty
[2025-06-18 21:07:25] cpg.method.fullName("execl").toJsonPretty
[2025-06-18 21:07:25] cpg.method.fullName("execl").parameter.toJsonPretty
[2025-06-18 21:07:25] cpg.method.fullName("strcat").toJsonPretty
[2025-06-18 21:07:25] cpg.method.fullName("strcat").parameter.toJsonPretty
[2025-06-18 21:07:25] cpg.method.fullName("srand").toJsonPretty
[2025-06-18 21:07:25] cpg.method.fullName("srand").parameter.toJsonPretty
[2025-06-18 21:07:25] cpg.method.fullName("time").toJsonPretty
[2025-06-18 21:07:25] cpg.method.fullName("time").parameter.toJsonPretty
[2025-06-18 21:07:25] 1 + 1
[2025-06-18 21:07:26] import io.joern.dataflowengineoss.*
[2025-06-18 21:09:24] cpg.methodParameterIn.where(_.method.fullName("execl")).index(1).ast.l.reachableByDetailed(cpg.call.where(_.methodFullName("recv")).argument(1).ast.l).toJsonPretty
[2025-06-18 21:09:25] cpg.methodParameterIn.where(_.method.fullName("execl")).index(2).ast.l.reachableByDetailed(cpg.call.where(_.methodFullName("recv")).argument(1).ast.l).toJsonPretty
[2025-06-18 21:13:39] importCode("/home/nstl/data/CPGvulnHunter/test/test_case/juliet/output/CWE78_OS_Command_Injection/s01/CWE78_OS_Command_Injection__char_connect_socket_execl_01")
[2025-06-18 21:13:41] cpg.method.fullName.toJsonPretty
[2025-06-18 21:13:41] cpg.method.fullName("CWE78_OS_Command_Injection__char_connect_socket_execl_01.c:<global>").toJsonPretty
[2025-06-18 21:13:41] cpg.method.fullName("CWE78_OS_Command_Injection__char_connect_socket_execl_01_bad").toJsonPretty
[2025-06-18 21:13:41] cpg.method.fullName("goodG2B").toJsonPretty
[2025-06-18 21:13:41] cpg.method.fullName("CWE78_OS_Command_Injection__char_connect_socket_execl_01_good").toJsonPretty
[2025-06-18 21:13:41] cpg.method.fullName("main").toJsonPretty
[2025-06-18 21:13:41] cpg.method.fullName("<includes>:<global>").toJsonPretty
[2025-06-18 21:13:42] cpg.method.fullName("printLongLongLine").toJsonPretty
[2025-06-18 21:13:42] cpg.method.fullName("printHexCharLine").toJsonPretty
[2025-06-18 21:13:42] cpg.method.fullName("printWcharLine").toJsonPretty
[2025-06-18 21:13:42] cpg.method.fullName("printBytesLine").toJsonPretty
[2025-06-18 21:13:42] cpg.method.fullName("printShortLine").toJsonPretty
[2025-06-18 21:13:42] cpg.method.fullName("printLongLine").toJsonPretty
[2025-06-18 21:13:42] cpg.method.fullName("printFloatLine").toJsonPretty
[2025-06-18 21:13:42] cpg.method.fullName("printLine").toJsonPretty
[2025-06-18 21:13:42] cpg.method.fullName("decodeHexChars").toJsonPretty
[2025-06-18 21:13:42] cpg.method.fullName("printUnsignedLine").toJsonPretty
[2025-06-18 21:13:42] cpg.method.fullName("printHexUnsignedCharLine").toJsonPretty
[2025-06-18 21:13:42] cpg.method.fullName("globalReturnsTrueOrFalse").toJsonPretty
[2025-06-18 21:13:42] cpg.method.fullName("globalReturnsFalse").toJsonPretty
[2025-06-18 21:13:42] cpg.method.fullName("globalReturnsTrue").toJsonPretty
[2025-06-18 21:13:42] cpg.method.fullName("printSizeTLine").toJsonPretty
[2025-06-18 21:13:42] cpg.method.fullName("printIntLine").toJsonPretty
[2025-06-18 21:13:42] cpg.method.fullName("printStructLine").toJsonPretty
[2025-06-18 21:13:43] cpg.method.fullName("decodeHexWChars").toJsonPretty
[2025-06-18 21:13:43] cpg.method.fullName("printWLine").toJsonPretty
[2025-06-18 21:13:43] cpg.method.fullName("printDoubleLine").toJsonPretty
[2025-06-18 21:13:43] cpg.method.fullName("<operator>.assignment").toJsonPretty
[2025-06-18 21:13:43] cpg.method.fullName("<operator>.alloc").toJsonPretty
[2025-06-18 21:13:43] cpg.method.fullName("<operator>.minus").toJsonPretty
[2025-06-18 21:13:43] cpg.method.fullName("strlen").toJsonPretty
[2025-06-18 21:13:43] cpg.method.fullName("strlen").parameter.toJsonPretty
[2025-06-18 21:13:43] cpg.method.fullName("socket").toJsonPretty
[2025-06-18 21:13:43] cpg.method.fullName("socket").parameter.toJsonPretty
[2025-06-18 21:13:43] cpg.method.fullName("<operator>.equals").toJsonPretty
[2025-06-18 21:13:43] cpg.method.fullName("memset").toJsonPretty
[2025-06-18 21:13:43] cpg.method.fullName("memset").parameter.toJsonPretty
[2025-06-18 21:13:43] cpg.method.fullName("<operator>.addressOf").toJsonPretty
[2025-06-18 21:13:43] cpg.method.fullName("<operator>.sizeOf").toJsonPretty
[2025-06-18 21:13:43] cpg.method.fullName("<operator>.fieldAccess").toJsonPretty
[2025-06-18 21:13:43] cpg.method.fullName("inet_addr").toJsonPretty
[2025-06-18 21:13:44] cpg.method.fullName("inet_addr").parameter.toJsonPretty
[2025-06-18 21:13:44] cpg.method.fullName("htons").toJsonPretty
[2025-06-18 21:13:44] cpg.method.fullName("htons").parameter.toJsonPretty
[2025-06-18 21:13:44] cpg.method.fullName("connect").toJsonPretty
[2025-06-18 21:13:44] cpg.method.fullName("connect").parameter.toJsonPretty
[2025-06-18 21:13:44] cpg.method.fullName("<operator>.cast").toJsonPretty
[2025-06-18 21:13:44] cpg.method.fullName("recv").toJsonPretty
[2025-06-18 21:13:44] cpg.method.fullName("recv").parameter.toJsonPretty
[2025-06-18 21:13:44] cpg.method.fullName("<operator>.addition").toJsonPretty
[2025-06-18 21:13:44] cpg.method.fullName("<operator>.multiplication").toJsonPretty
[2025-06-18 21:13:44] cpg.method.fullName("<operator>.subtraction").toJsonPretty
[2025-06-18 21:13:44] cpg.method.fullName("<operator>.logicalOr").toJsonPretty
[2025-06-18 21:13:44] cpg.method.fullName("<operator>.indirectIndexAccess").toJsonPretty
[2025-06-18 21:13:44] cpg.method.fullName("<operator>.division").toJsonPretty
[2025-06-18 21:13:44] cpg.method.fullName("strchr").toJsonPretty
[2025-06-18 21:13:44] cpg.method.fullName("strchr").parameter.toJsonPretty
[2025-06-18 21:13:45] cpg.method.fullName("<operator>.indirection").toJsonPretty
[2025-06-18 21:13:45] cpg.method.fullName("<operator>.notEquals").toJsonPretty
[2025-06-18 21:13:45] cpg.method.fullName("close").toJsonPretty
[2025-06-18 21:13:45] cpg.method.fullName("close").parameter.toJsonPretty
[2025-06-18 21:13:45] cpg.method.fullName("execl").toJsonPretty
[2025-06-18 21:13:45] cpg.method.fullName("execl").parameter.toJsonPretty
[2025-06-18 21:13:45] cpg.method.fullName("strcat").toJsonPretty
[2025-06-18 21:13:45] cpg.method.fullName("strcat").parameter.toJsonPretty
[2025-06-18 21:13:45] cpg.method.fullName("srand").toJsonPretty
[2025-06-18 21:13:45] cpg.method.fullName("srand").parameter.toJsonPretty
[2025-06-18 21:13:45] cpg.method.fullName("time").toJsonPretty
[2025-06-18 21:13:45] cpg.method.fullName("time").parameter.toJsonPretty
[2025-06-18 21:13:45] 1 + 1
[2025-06-18 21:13:45] import io.joern.dataflowengineoss.*
[2025-06-18 21:13:45] cpg.methodParameterIn.where(_.method.fullName("execl")).index(1).l.reachableByDetailed(cpg.call.where(_.methodFullName("recv")).argument(1).ast.l).toJsonPretty
[2025-06-18 21:13:46] cpg.methodParameterIn.where(_.method.fullName("execl")).index(2).l.reachableByDetailed(cpg.call.where(_.methodFullName("recv")).argument(1).ast.l).toJsonPretty
[2025-06-19 13:08:28] importCode("/home/nstl/data/CPGvulnHunter/test/test_case/juliet/output/CWE78_OS_Command_Injection/s01/CWE78_OS_Command_Injection__char_connect_socket_execl_01")
[2025-06-19 13:08:29] cpg.method.fullName.toJsonPretty
[2025-06-19 13:08:29] cpg.method.fullName("CWE78_OS_Command_Injection__char_connect_socket_execl_01.c:<global>").toJsonPretty
[2025-06-19 13:08:29] cpg.method.fullName("CWE78_OS_Command_Injection__char_connect_socket_execl_01_bad").toJsonPretty
[2025-06-19 13:08:29] cpg.method.fullName("goodG2B").toJsonPretty
[2025-06-19 13:08:29] cpg.method.fullName("CWE78_OS_Command_Injection__char_connect_socket_execl_01_good").toJsonPretty
[2025-06-19 13:08:29] cpg.method.fullName("main").toJsonPretty
[2025-06-19 13:08:29] cpg.method.fullName("<includes>:<global>").toJsonPretty
[2025-06-19 13:08:30] cpg.method.fullName("printLongLongLine").toJsonPretty
[2025-06-19 13:08:30] cpg.method.fullName("printHexCharLine").toJsonPretty
[2025-06-19 13:08:30] cpg.method.fullName("printWcharLine").toJsonPretty
[2025-06-19 13:08:30] cpg.method.fullName("printBytesLine").toJsonPretty
[2025-06-19 13:08:30] cpg.method.fullName("printShortLine").toJsonPretty
[2025-06-19 13:08:30] cpg.method.fullName("printLongLine").toJsonPretty
[2025-06-19 13:08:30] cpg.method.fullName("printFloatLine").toJsonPretty
[2025-06-19 13:08:30] cpg.method.fullName("printLine").toJsonPretty
[2025-06-19 13:08:30] cpg.method.fullName("decodeHexChars").toJsonPretty
[2025-06-19 13:08:30] cpg.method.fullName("printUnsignedLine").toJsonPretty
[2025-06-19 13:08:30] cpg.method.fullName("printHexUnsignedCharLine").toJsonPretty
[2025-06-19 13:08:30] cpg.method.fullName("globalReturnsTrueOrFalse").toJsonPretty
[2025-06-19 13:08:30] cpg.method.fullName("globalReturnsFalse").toJsonPretty
[2025-06-19 13:08:30] cpg.method.fullName("globalReturnsTrue").toJsonPretty
[2025-06-19 13:08:30] cpg.method.fullName("printSizeTLine").toJsonPretty
[2025-06-19 13:08:30] cpg.method.fullName("printIntLine").toJsonPretty
[2025-06-19 13:08:30] cpg.method.fullName("printStructLine").toJsonPretty
[2025-06-19 13:08:31] cpg.method.fullName("decodeHexWChars").toJsonPretty
[2025-06-19 13:08:31] cpg.method.fullName("printWLine").toJsonPretty
[2025-06-19 13:08:31] cpg.method.fullName("printDoubleLine").toJsonPretty
[2025-06-19 13:08:31] cpg.method.fullName("<operator>.assignment").toJsonPretty
[2025-06-19 13:08:31] cpg.method.fullName("<operator>.alloc").toJsonPretty
[2025-06-19 13:08:31] cpg.method.fullName("<operator>.minus").toJsonPretty
[2025-06-19 13:08:31] cpg.method.fullName("strlen").toJsonPretty
[2025-06-19 13:08:31] cpg.method.fullName("strlen").parameter.toJsonPretty
[2025-06-19 13:08:31] cpg.method.fullName("socket").toJsonPretty
[2025-06-19 13:08:31] cpg.method.fullName("socket").parameter.toJsonPretty
[2025-06-19 13:08:31] cpg.method.fullName("<operator>.equals").toJsonPretty
[2025-06-19 13:08:31] cpg.method.fullName("memset").toJsonPretty
[2025-06-19 13:08:31] cpg.method.fullName("memset").parameter.toJsonPretty
[2025-06-19 13:08:31] cpg.method.fullName("<operator>.addressOf").toJsonPretty
[2025-06-19 13:08:31] cpg.method.fullName("<operator>.sizeOf").toJsonPretty
[2025-06-19 13:08:32] cpg.method.fullName("<operator>.fieldAccess").toJsonPretty
[2025-06-19 13:08:32] cpg.method.fullName("inet_addr").toJsonPretty
[2025-06-19 13:08:32] cpg.method.fullName("inet_addr").parameter.toJsonPretty
[2025-06-19 13:08:32] cpg.method.fullName("htons").toJsonPretty
[2025-06-19 13:08:32] cpg.method.fullName("htons").parameter.toJsonPretty
[2025-06-19 13:08:32] cpg.method.fullName("connect").toJsonPretty
[2025-06-19 13:08:32] cpg.method.fullName("connect").parameter.toJsonPretty
[2025-06-19 13:08:32] cpg.method.fullName("<operator>.cast").toJsonPretty
[2025-06-19 13:08:32] cpg.method.fullName("recv").toJsonPretty
[2025-06-19 13:08:32] cpg.method.fullName("recv").parameter.toJsonPretty
[2025-06-19 13:08:32] cpg.method.fullName("<operator>.addition").toJsonPretty
[2025-06-19 13:08:32] cpg.method.fullName("<operator>.multiplication").toJsonPretty
[2025-06-19 13:08:32] cpg.method.fullName("<operator>.subtraction").toJsonPretty
[2025-06-19 13:08:32] cpg.method.fullName("<operator>.logicalOr").toJsonPretty
[2025-06-19 13:08:32] cpg.method.fullName("<operator>.indirectIndexAccess").toJsonPretty
[2025-06-19 13:08:33] cpg.method.fullName("<operator>.division").toJsonPretty
[2025-06-19 13:08:33] cpg.method.fullName("strchr").toJsonPretty
[2025-06-19 13:08:33] cpg.method.fullName("strchr").parameter.toJsonPretty
[2025-06-19 13:08:33] cpg.method.fullName("<operator>.indirection").toJsonPretty
[2025-06-19 13:08:33] cpg.method.fullName("<operator>.notEquals").toJsonPretty
[2025-06-19 13:08:33] cpg.method.fullName("close").toJsonPretty
[2025-06-19 13:08:33] cpg.method.fullName("close").parameter.toJsonPretty
[2025-06-19 13:08:33] cpg.method.fullName("execl").toJsonPretty
[2025-06-19 13:08:33] cpg.method.fullName("execl").parameter.toJsonPretty
[2025-06-19 13:08:33] cpg.method.fullName("strcat").toJsonPretty
[2025-06-19 13:08:33] cpg.method.fullName("strcat").parameter.toJsonPretty
[2025-06-19 13:08:33] cpg.method.fullName("srand").toJsonPretty
[2025-06-19 13:08:33] cpg.method.fullName("srand").parameter.toJsonPretty
[2025-06-19 13:08:33] cpg.method.fullName("time").toJsonPretty
[2025-06-19 13:08:33] cpg.method.fullName("time").parameter.toJsonPretty
[2025-06-19 13:08:33] 1 + 1
[2025-06-19 13:08:33] import io.joern.dataflowengineoss.*
[2025-06-19 13:08:34] cpg.methodParameterIn.where(_.method.fullName("execl")).index(1).l.reachableByDetailed(cpg.call.where(_.methodFullName("recv")).argument(1).ast.l).toJsonPretty
[2025-06-19 13:08:34] cpg.methodParameterIn.where(_.method.fullName("execl")).index(2).l.reachableByDetailed(cpg.call.where(_.methodFullName("recv")).argument(1).ast.l).toJsonPretty
[2025-06-19 13:09:07] importCode("/home/nstl/data/CPGvulnHunter/test/test_case/juliet/output/CWE78_OS_Command_Injection/s01/CWE78_OS_Command_Injection__char_connect_socket_execl_01")
[2025-06-19 13:09:08] cpg.method.fullName.toJsonPretty
[2025-06-19 13:09:08] cpg.method.fullName("CWE78_OS_Command_Injection__char_connect_socket_execl_01.c:<global>").toJsonPretty
[2025-06-19 13:09:09] cpg.method.fullName("CWE78_OS_Command_Injection__char_connect_socket_execl_01_bad").toJsonPretty
[2025-06-19 13:09:09] cpg.method.fullName("goodG2B").toJsonPretty
[2025-06-19 13:09:09] cpg.method.fullName("CWE78_OS_Command_Injection__char_connect_socket_execl_01_good").toJsonPretty
[2025-06-19 13:09:09] cpg.method.fullName("main").toJsonPretty
[2025-06-19 13:09:09] cpg.method.fullName("<includes>:<global>").toJsonPretty
[2025-06-19 13:09:09] cpg.method.fullName("printLongLongLine").toJsonPretty
[2025-06-19 13:09:09] cpg.method.fullName("printHexCharLine").toJsonPretty
[2025-06-19 13:09:09] cpg.method.fullName("printWcharLine").toJsonPretty
[2025-06-19 13:09:09] cpg.method.fullName("printBytesLine").toJsonPretty
[2025-06-19 13:09:09] cpg.method.fullName("printShortLine").toJsonPretty
[2025-06-19 13:09:09] cpg.method.fullName("printLongLine").toJsonPretty
[2025-06-19 13:09:09] cpg.method.fullName("printFloatLine").toJsonPretty
[2025-06-19 13:09:09] cpg.method.fullName("printLine").toJsonPretty
[2025-06-19 13:09:09] cpg.method.fullName("decodeHexChars").toJsonPretty
[2025-06-19 13:09:10] cpg.method.fullName("printUnsignedLine").toJsonPretty
[2025-06-19 13:09:10] cpg.method.fullName("printHexUnsignedCharLine").toJsonPretty
[2025-06-19 13:09:10] cpg.method.fullName("globalReturnsTrueOrFalse").toJsonPretty
[2025-06-19 13:09:10] cpg.method.fullName("globalReturnsFalse").toJsonPretty
[2025-06-19 13:09:10] cpg.method.fullName("globalReturnsTrue").toJsonPretty
[2025-06-19 13:09:10] cpg.method.fullName("printSizeTLine").toJsonPretty
[2025-06-19 13:09:10] cpg.method.fullName("printIntLine").toJsonPretty
[2025-06-19 13:09:10] cpg.method.fullName("printStructLine").toJsonPretty
[2025-06-19 13:09:10] cpg.method.fullName("decodeHexWChars").toJsonPretty
[2025-06-19 13:09:10] cpg.method.fullName("printWLine").toJsonPretty
[2025-06-19 13:09:10] cpg.method.fullName("printDoubleLine").toJsonPretty
[2025-06-19 13:09:10] cpg.method.fullName("<operator>.assignment").toJsonPretty
[2025-06-19 13:09:10] cpg.method.fullName("<operator>.alloc").toJsonPretty
[2025-06-19 13:09:10] cpg.method.fullName("<operator>.minus").toJsonPretty
[2025-06-19 13:09:10] cpg.method.fullName("strlen").toJsonPretty
[2025-06-19 13:09:10] cpg.method.fullName("strlen").parameter.toJsonPretty
[2025-06-19 13:09:10] cpg.method.fullName("socket").toJsonPretty
[2025-06-19 13:09:10] cpg.method.fullName("socket").parameter.toJsonPretty
[2025-06-19 13:09:11] cpg.method.fullName("<operator>.equals").toJsonPretty
[2025-06-19 13:09:11] cpg.method.fullName("memset").toJsonPretty
[2025-06-19 13:09:11] cpg.method.fullName("memset").parameter.toJsonPretty
[2025-06-19 13:09:11] cpg.method.fullName("<operator>.addressOf").toJsonPretty
[2025-06-19 13:09:11] cpg.method.fullName("<operator>.sizeOf").toJsonPretty
[2025-06-19 13:09:11] cpg.method.fullName("<operator>.fieldAccess").toJsonPretty
[2025-06-19 13:09:11] cpg.method.fullName("inet_addr").toJsonPretty
[2025-06-19 13:09:11] cpg.method.fullName("inet_addr").parameter.toJsonPretty
[2025-06-19 13:09:11] cpg.method.fullName("htons").toJsonPretty
[2025-06-19 13:09:11] cpg.method.fullName("htons").parameter.toJsonPretty
[2025-06-19 13:09:11] cpg.method.fullName("connect").toJsonPretty
[2025-06-19 13:09:11] cpg.method.fullName("connect").parameter.toJsonPretty
[2025-06-19 13:09:11] cpg.method.fullName("<operator>.cast").toJsonPretty
[2025-06-19 13:09:11] cpg.method.fullName("recv").toJsonPretty
[2025-06-19 13:09:11] cpg.method.fullName("recv").parameter.toJsonPretty
[2025-06-19 13:09:11] cpg.method.fullName("<operator>.addition").toJsonPretty
[2025-06-19 13:09:11] cpg.method.fullName("<operator>.multiplication").toJsonPretty
[2025-06-19 13:09:11] cpg.method.fullName("<operator>.subtraction").toJsonPretty
[2025-06-19 13:09:11] cpg.method.fullName("<operator>.logicalOr").toJsonPretty
[2025-06-19 13:09:12] cpg.method.fullName("<operator>.indirectIndexAccess").toJsonPretty
[2025-06-19 13:09:12] cpg.method.fullName("<operator>.division").toJsonPretty
[2025-06-19 13:09:12] cpg.method.fullName("strchr").toJsonPretty
[2025-06-19 13:09:12] cpg.method.fullName("strchr").parameter.toJsonPretty
[2025-06-19 13:09:12] cpg.method.fullName("<operator>.indirection").toJsonPretty
[2025-06-19 13:09:12] cpg.method.fullName("<operator>.notEquals").toJsonPretty
[2025-06-19 13:09:12] cpg.method.fullName("close").toJsonPretty
[2025-06-19 13:09:12] cpg.method.fullName("close").parameter.toJsonPretty
[2025-06-19 13:09:12] cpg.method.fullName("execl").toJsonPretty
[2025-06-19 13:09:12] cpg.method.fullName("execl").parameter.toJsonPretty
[2025-06-19 13:09:12] cpg.method.fullName("strcat").toJsonPretty
[2025-06-19 13:09:12] cpg.method.fullName("strcat").parameter.toJsonPretty
[2025-06-19 13:09:12] cpg.method.fullName("srand").toJsonPretty
[2025-06-19 13:09:12] cpg.method.fullName("srand").parameter.toJsonPretty
[2025-06-19 13:09:12] cpg.method.fullName("time").toJsonPretty
[2025-06-19 13:09:12] cpg.method.fullName("time").parameter.toJsonPretty
[2025-06-19 13:09:13] 1 + 1
[2025-06-19 13:09:13] import io.joern.dataflowengineoss.*
[2025-06-19 13:09:13] cpg.methodParameterIn.where(_.method.fullName("execl")).index(1).l.reachableByDetailed(cpg.call.where(_.methodFullName("recv")).argument(1).ast.l).toJsonPretty
[2025-06-19 13:09:13] cpg.methodParameterIn.where(_.method.fullName("execl")).index(2).l.reachableByDetailed(cpg.call.where(_.methodFullName("recv")).argument(1).ast.l).toJsonPretty
[2025-06-19 13:09:42] importCode("/home/nstl/data/CPGvulnHunter/test/test_case/juliet/output/CWE78_OS_Command_Injection/s01/CWE78_OS_Command_Injection__char_connect_socket_execl_01")
[2025-06-19 13:09:44] cpg.method.fullName.toJsonPretty
[2025-06-19 13:09:44] cpg.method.fullName("CWE78_OS_Command_Injection__char_connect_socket_execl_01.c:<global>").toJsonPretty
[2025-06-19 13:09:44] cpg.method.fullName("CWE78_OS_Command_Injection__char_connect_socket_execl_01_bad").toJsonPretty
[2025-06-19 13:09:44] cpg.method.fullName("goodG2B").toJsonPretty
[2025-06-19 13:09:44] cpg.method.fullName("CWE78_OS_Command_Injection__char_connect_socket_execl_01_good").toJsonPretty
[2025-06-19 13:09:44] cpg.method.fullName("main").toJsonPretty
[2025-06-19 13:09:44] cpg.method.fullName("<includes>:<global>").toJsonPretty
[2025-06-19 13:09:44] cpg.method.fullName("printLongLongLine").toJsonPretty
[2025-06-19 13:09:44] cpg.method.fullName("printHexCharLine").toJsonPretty
[2025-06-19 13:09:44] cpg.method.fullName("printWcharLine").toJsonPretty
[2025-06-19 13:09:45] cpg.method.fullName("printBytesLine").toJsonPretty
[2025-06-19 13:09:45] cpg.method.fullName("printShortLine").toJsonPretty
[2025-06-19 13:09:45] cpg.method.fullName("printLongLine").toJsonPretty
[2025-06-19 13:09:45] cpg.method.fullName("printFloatLine").toJsonPretty
[2025-06-19 13:09:45] cpg.method.fullName("printLine").toJsonPretty
[2025-06-19 13:09:45] cpg.method.fullName("decodeHexChars").toJsonPretty
[2025-06-19 13:09:45] cpg.method.fullName("printUnsignedLine").toJsonPretty
[2025-06-19 13:09:45] cpg.method.fullName("printHexUnsignedCharLine").toJsonPretty
[2025-06-19 13:09:45] cpg.method.fullName("globalReturnsTrueOrFalse").toJsonPretty
[2025-06-19 13:09:45] cpg.method.fullName("globalReturnsFalse").toJsonPretty
[2025-06-19 13:09:45] cpg.method.fullName("globalReturnsTrue").toJsonPretty
[2025-06-19 13:09:45] cpg.method.fullName("printSizeTLine").toJsonPretty
[2025-06-19 13:09:45] cpg.method.fullName("printIntLine").toJsonPretty
[2025-06-19 13:09:45] cpg.method.fullName("printStructLine").toJsonPretty
[2025-06-19 13:09:45] cpg.method.fullName("decodeHexWChars").toJsonPretty
[2025-06-19 13:09:45] cpg.method.fullName("printWLine").toJsonPretty
[2025-06-19 13:09:45] cpg.method.fullName("printDoubleLine").toJsonPretty
[2025-06-19 13:09:45] cpg.method.fullName("<operator>.assignment").toJsonPretty
[2025-06-19 13:09:46] cpg.method.fullName("<operator>.alloc").toJsonPretty
[2025-06-19 13:09:46] cpg.method.fullName("<operator>.minus").toJsonPretty
[2025-06-19 13:09:46] cpg.method.fullName("strlen").toJsonPretty
[2025-06-19 13:09:46] cpg.method.fullName("strlen").parameter.toJsonPretty
[2025-06-19 13:09:46] cpg.method.fullName("socket").toJsonPretty
[2025-06-19 13:09:46] cpg.method.fullName("socket").parameter.toJsonPretty
[2025-06-19 13:09:46] cpg.method.fullName("<operator>.equals").toJsonPretty
[2025-06-19 13:09:46] cpg.method.fullName("memset").toJsonPretty
[2025-06-19 13:09:46] cpg.method.fullName("memset").parameter.toJsonPretty
[2025-06-19 13:09:46] cpg.method.fullName("<operator>.addressOf").toJsonPretty
[2025-06-19 13:09:46] cpg.method.fullName("<operator>.sizeOf").toJsonPretty
[2025-06-19 13:09:46] cpg.method.fullName("<operator>.fieldAccess").toJsonPretty
[2025-06-19 13:09:46] cpg.method.fullName("inet_addr").toJsonPretty
[2025-06-19 13:09:46] cpg.method.fullName("inet_addr").parameter.toJsonPretty
[2025-06-19 13:09:46] cpg.method.fullName("htons").toJsonPretty
[2025-06-19 13:09:46] cpg.method.fullName("htons").parameter.toJsonPretty
[2025-06-19 13:09:46] cpg.method.fullName("connect").toJsonPretty
[2025-06-19 13:09:46] cpg.method.fullName("connect").parameter.toJsonPretty
[2025-06-19 13:09:47] cpg.method.fullName("<operator>.cast").toJsonPretty
[2025-06-19 13:09:47] cpg.method.fullName("recv").toJsonPretty
[2025-06-19 13:09:47] cpg.method.fullName("recv").parameter.toJsonPretty
[2025-06-19 13:09:47] cpg.method.fullName("<operator>.addition").toJsonPretty
[2025-06-19 13:09:47] cpg.method.fullName("<operator>.multiplication").toJsonPretty
[2025-06-19 13:09:47] cpg.method.fullName("<operator>.subtraction").toJsonPretty
[2025-06-19 13:09:47] cpg.method.fullName("<operator>.logicalOr").toJsonPretty
[2025-06-19 13:09:47] cpg.method.fullName("<operator>.indirectIndexAccess").toJsonPretty
[2025-06-19 13:09:47] cpg.method.fullName("<operator>.division").toJsonPretty
[2025-06-19 13:09:47] cpg.method.fullName("strchr").toJsonPretty
[2025-06-19 13:09:47] cpg.method.fullName("strchr").parameter.toJsonPretty
[2025-06-19 13:09:47] cpg.method.fullName("<operator>.indirection").toJsonPretty
[2025-06-19 13:09:47] cpg.method.fullName("<operator>.notEquals").toJsonPretty
[2025-06-19 13:09:47] cpg.method.fullName("close").toJsonPretty
[2025-06-19 13:09:47] cpg.method.fullName("close").parameter.toJsonPretty
[2025-06-19 13:09:47] cpg.method.fullName("execl").toJsonPretty
[2025-06-19 13:09:47] cpg.method.fullName("execl").parameter.toJsonPretty
[2025-06-19 13:09:48] cpg.method.fullName("strcat").toJsonPretty
[2025-06-19 13:09:48] cpg.method.fullName("strcat").parameter.toJsonPretty
[2025-06-19 13:09:48] cpg.method.fullName("srand").toJsonPretty
[2025-06-19 13:09:48] cpg.method.fullName("srand").parameter.toJsonPretty
[2025-06-19 13:09:48] cpg.method.fullName("time").toJsonPretty
[2025-06-19 13:09:48] cpg.method.fullName("time").parameter.toJsonPretty
[2025-06-19 13:09:48] 1 + 1
[2025-06-19 13:09:48] import io.joern.dataflowengineoss.*
[2025-06-19 13:09:54] cpg.methodParameterIn.where(_.method.fullName("execl")).index(1).l.reachableByDetailed(cpg.call.where(_.methodFullName("recv")).argument(1).ast.l).toJsonPretty
[2025-06-19 13:11:23] importCode("/home/nstl/data/CPGvulnHunter/test/test_case/juliet/output/CWE78_OS_Command_Injection/s01/CWE78_OS_Command_Injection__char_connect_socket_execl_01")
[2025-06-19 13:11:25] cpg.method.fullName.toJsonPretty
[2025-06-19 13:11:25] cpg.method.fullName("CWE78_OS_Command_Injection__char_connect_socket_execl_01.c:<global>").toJsonPretty
[2025-06-19 13:11:25] cpg.method.fullName("CWE78_OS_Command_Injection__char_connect_socket_execl_01_bad").toJsonPretty
[2025-06-19 13:11:25] cpg.method.fullName("goodG2B").toJsonPretty
[2025-06-19 13:11:25] cpg.method.fullName("CWE78_OS_Command_Injection__char_connect_socket_execl_01_good").toJsonPretty
[2025-06-19 13:11:25] cpg.method.fullName("main").toJsonPretty
[2025-06-19 13:11:25] cpg.method.fullName("<includes>:<global>").toJsonPretty
[2025-06-19 13:11:25] cpg.method.fullName("printLongLongLine").toJsonPretty
[2025-06-19 13:11:26] cpg.method.fullName("printHexCharLine").toJsonPretty
[2025-06-19 13:11:26] cpg.method.fullName("printWcharLine").toJsonPretty
[2025-06-19 13:11:26] cpg.method.fullName("printBytesLine").toJsonPretty
[2025-06-19 13:11:26] cpg.method.fullName("printShortLine").toJsonPretty
[2025-06-19 13:11:26] cpg.method.fullName("printLongLine").toJsonPretty
[2025-06-19 13:11:26] cpg.method.fullName("printFloatLine").toJsonPretty
[2025-06-19 13:11:26] cpg.method.fullName("printLine").toJsonPretty
[2025-06-19 13:11:26] cpg.method.fullName("decodeHexChars").toJsonPretty
[2025-06-19 13:11:26] cpg.method.fullName("printUnsignedLine").toJsonPretty
[2025-06-19 13:11:26] cpg.method.fullName("printHexUnsignedCharLine").toJsonPretty
[2025-06-19 13:11:26] cpg.method.fullName("globalReturnsTrueOrFalse").toJsonPretty
[2025-06-19 13:11:26] cpg.method.fullName("globalReturnsFalse").toJsonPretty
[2025-06-19 13:11:26] cpg.method.fullName("globalReturnsTrue").toJsonPretty
[2025-06-19 13:11:26] cpg.method.fullName("printSizeTLine").toJsonPretty
[2025-06-19 13:11:26] cpg.method.fullName("printIntLine").toJsonPretty
[2025-06-19 13:11:27] cpg.method.fullName("printStructLine").toJsonPretty
[2025-06-19 13:11:27] cpg.method.fullName("decodeHexWChars").toJsonPretty
[2025-06-19 13:11:27] cpg.method.fullName("printWLine").toJsonPretty
[2025-06-19 13:11:27] cpg.method.fullName("printDoubleLine").toJsonPretty
[2025-06-19 13:11:27] cpg.method.fullName("<operator>.assignment").toJsonPretty
[2025-06-19 13:11:27] cpg.method.fullName("<operator>.alloc").toJsonPretty
[2025-06-19 13:11:27] cpg.method.fullName("<operator>.minus").toJsonPretty
[2025-06-19 13:11:27] cpg.method.fullName("strlen").toJsonPretty
[2025-06-19 13:11:27] cpg.method.fullName("strlen").parameter.toJsonPretty
[2025-06-19 13:11:27] cpg.method.fullName("socket").toJsonPretty
[2025-06-19 13:11:27] cpg.method.fullName("socket").parameter.toJsonPretty
[2025-06-19 13:11:27] cpg.method.fullName("<operator>.equals").toJsonPretty
[2025-06-19 13:11:27] cpg.method.fullName("memset").toJsonPretty
[2025-06-19 13:11:27] cpg.method.fullName("memset").parameter.toJsonPretty
[2025-06-19 13:11:27] cpg.method.fullName("<operator>.addressOf").toJsonPretty
[2025-06-19 13:11:27] cpg.method.fullName("<operator>.sizeOf").toJsonPretty
[2025-06-19 13:11:27] cpg.method.fullName("<operator>.fieldAccess").toJsonPretty
[2025-06-19 13:11:28] cpg.method.fullName("inet_addr").toJsonPretty
[2025-06-19 13:11:28] cpg.method.fullName("inet_addr").parameter.toJsonPretty
[2025-06-19 13:11:28] cpg.method.fullName("htons").toJsonPretty
[2025-06-19 13:11:28] cpg.method.fullName("htons").parameter.toJsonPretty
[2025-06-19 13:11:28] cpg.method.fullName("connect").toJsonPretty
[2025-06-19 13:11:28] cpg.method.fullName("connect").parameter.toJsonPretty
[2025-06-19 13:11:28] cpg.method.fullName("<operator>.cast").toJsonPretty
[2025-06-19 13:11:28] cpg.method.fullName("recv").toJsonPretty
[2025-06-19 13:11:28] cpg.method.fullName("recv").parameter.toJsonPretty
[2025-06-19 13:11:28] cpg.method.fullName("<operator>.addition").toJsonPretty
[2025-06-19 13:11:28] cpg.method.fullName("<operator>.multiplication").toJsonPretty
[2025-06-19 13:11:28] cpg.method.fullName("<operator>.subtraction").toJsonPretty
[2025-06-19 13:11:28] cpg.method.fullName("<operator>.logicalOr").toJsonPretty
[2025-06-19 13:11:28] cpg.method.fullName("<operator>.indirectIndexAccess").toJsonPretty
[2025-06-19 13:11:28] cpg.method.fullName("<operator>.division").toJsonPretty
[2025-06-19 13:11:28] cpg.method.fullName("strchr").toJsonPretty
[2025-06-19 13:11:28] cpg.method.fullName("strchr").parameter.toJsonPretty
[2025-06-19 13:11:29] cpg.method.fullName("<operator>.indirection").toJsonPretty
[2025-06-19 13:11:29] cpg.method.fullName("<operator>.notEquals").toJsonPretty
[2025-06-19 13:11:29] cpg.method.fullName("close").toJsonPretty
[2025-06-19 13:11:29] cpg.method.fullName("close").parameter.toJsonPretty
[2025-06-19 13:11:29] cpg.method.fullName("execl").toJsonPretty
[2025-06-19 13:11:29] cpg.method.fullName("execl").parameter.toJsonPretty
[2025-06-19 13:11:29] cpg.method.fullName("strcat").toJsonPretty
[2025-06-19 13:11:29] cpg.method.fullName("strcat").parameter.toJsonPretty
[2025-06-19 13:11:29] cpg.method.fullName("srand").toJsonPretty
[2025-06-19 13:11:29] cpg.method.fullName("srand").parameter.toJsonPretty
[2025-06-19 13:11:29] cpg.method.fullName("time").toJsonPretty
[2025-06-19 13:11:29] cpg.method.fullName("time").parameter.toJsonPretty
[2025-06-19 13:11:29] 1 + 1
[2025-06-19 13:11:29] import io.joern.dataflowengineoss.*
[2025-06-19 13:11:29] cpg.methodParameterIn.where(_.method.fullName("execl")).index(1).l.reachableByDetailed(cpg.call.where(_.methodFullName("recv")).argument(1).ast.l).toJsonPretty
[2025-06-19 13:11:30] cpg.methodParameterIn.where(_.method.fullName("execl")).index(2).l.reachableByDetailed(cpg.call.where(_.methodFullName("recv")).argument(1).ast.l).toJsonPretty
[2025-06-19 13:32:48] importCode("/home/nstl/data/CPGvulnHunter/test/test_case/juliet/output/CWE78_OS_Command_Injection/s01/CWE78_OS_Command_Injection__char_connect_socket_execl_01")
[2025-06-19 13:32:50] cpg.method.fullName.toJsonPretty
[2025-06-19 13:32:50] cpg.method.fullName("CWE78_OS_Command_Injection__char_connect_socket_execl_01.c:<global>").toJsonPretty
[2025-06-19 13:32:50] cpg.method.fullName("CWE78_OS_Command_Injection__char_connect_socket_execl_01_bad").toJsonPretty
[2025-06-19 13:32:50] cpg.method.fullName("goodG2B").toJsonPretty
[2025-06-19 13:32:50] cpg.method.fullName("CWE78_OS_Command_Injection__char_connect_socket_execl_01_good").toJsonPretty
[2025-06-19 13:32:50] cpg.method.fullName("main").toJsonPretty
[2025-06-19 13:32:50] cpg.method.fullName("<includes>:<global>").toJsonPretty
[2025-06-19 13:32:50] cpg.method.fullName("printLongLongLine").toJsonPretty
[2025-06-19 13:32:50] cpg.method.fullName("printHexCharLine").toJsonPretty
[2025-06-19 13:32:50] cpg.method.fullName("printWcharLine").toJsonPretty
[2025-06-19 13:32:50] cpg.method.fullName("printBytesLine").toJsonPretty
[2025-06-19 13:32:50] cpg.method.fullName("printShortLine").toJsonPretty
[2025-06-19 13:32:50] cpg.method.fullName("printLongLine").toJsonPretty
[2025-06-19 13:32:50] cpg.method.fullName("printFloatLine").toJsonPretty
[2025-06-19 13:32:50] cpg.method.fullName("printLine").toJsonPretty
[2025-06-19 13:32:50] cpg.method.fullName("decodeHexChars").toJsonPretty
[2025-06-19 13:32:50] cpg.method.fullName("printUnsignedLine").toJsonPretty
[2025-06-19 13:32:50] cpg.method.fullName("printHexUnsignedCharLine").toJsonPretty
[2025-06-19 13:32:50] cpg.method.fullName("globalReturnsTrueOrFalse").toJsonPretty
[2025-06-19 13:32:50] cpg.method.fullName("globalReturnsFalse").toJsonPretty
[2025-06-19 13:32:50] cpg.method.fullName("globalReturnsTrue").toJsonPretty
[2025-06-19 13:32:50] cpg.method.fullName("printSizeTLine").toJsonPretty
[2025-06-19 13:32:50] cpg.method.fullName("printIntLine").toJsonPretty
[2025-06-19 13:32:50] cpg.method.fullName("printStructLine").toJsonPretty
[2025-06-19 13:32:50] cpg.method.fullName("decodeHexWChars").toJsonPretty
[2025-06-19 13:32:51] cpg.method.fullName("printWLine").toJsonPretty
[2025-06-19 13:32:51] cpg.method.fullName("printDoubleLine").toJsonPretty
[2025-06-19 13:32:51] cpg.method.fullName("<operator>.assignment").toJsonPretty
[2025-06-19 13:32:51] cpg.method.fullName("<operator>.alloc").toJsonPretty
[2025-06-19 13:32:51] cpg.method.fullName("<operator>.minus").toJsonPretty
[2025-06-19 13:32:51] cpg.method.fullName("strlen").toJsonPretty
[2025-06-19 13:32:51] cpg.method.fullName("strlen").parameter.toJsonPretty
[2025-06-19 13:32:51] cpg.method.fullName("socket").toJsonPretty
[2025-06-19 13:32:51] cpg.method.fullName("socket").parameter.toJsonPretty
[2025-06-19 13:32:51] cpg.method.fullName("<operator>.equals").toJsonPretty
[2025-06-19 13:32:51] cpg.method.fullName("memset").toJsonPretty
[2025-06-19 13:32:51] cpg.method.fullName("memset").parameter.toJsonPretty
[2025-06-19 13:32:51] cpg.method.fullName("<operator>.addressOf").toJsonPretty
[2025-06-19 13:32:51] cpg.method.fullName("<operator>.sizeOf").toJsonPretty
[2025-06-19 13:32:51] cpg.method.fullName("<operator>.fieldAccess").toJsonPretty
[2025-06-19 13:32:51] cpg.method.fullName("inet_addr").toJsonPretty
[2025-06-19 13:32:51] cpg.method.fullName("inet_addr").parameter.toJsonPretty
[2025-06-19 13:32:51] cpg.method.fullName("htons").toJsonPretty
[2025-06-19 13:32:51] cpg.method.fullName("htons").parameter.toJsonPretty
[2025-06-19 13:32:51] cpg.method.fullName("connect").toJsonPretty
[2025-06-19 13:32:51] cpg.method.fullName("connect").parameter.toJsonPretty
[2025-06-19 13:32:51] cpg.method.fullName("<operator>.cast").toJsonPretty
[2025-06-19 13:32:51] cpg.method.fullName("recv").toJsonPretty
[2025-06-19 13:32:51] cpg.method.fullName("recv").parameter.toJsonPretty
[2025-06-19 13:32:51] cpg.method.fullName("<operator>.addition").toJsonPretty
[2025-06-19 13:32:51] cpg.method.fullName("<operator>.multiplication").toJsonPretty
[2025-06-19 13:32:51] cpg.method.fullName("<operator>.subtraction").toJsonPretty
[2025-06-19 13:32:51] cpg.method.fullName("<operator>.logicalOr").toJsonPretty
[2025-06-19 13:32:52] cpg.method.fullName("<operator>.indirectIndexAccess").toJsonPretty
[2025-06-19 13:32:52] cpg.method.fullName("<operator>.division").toJsonPretty
[2025-06-19 13:32:52] cpg.method.fullName("strchr").toJsonPretty
[2025-06-19 13:32:52] cpg.method.fullName("strchr").parameter.toJsonPretty
[2025-06-19 13:32:52] cpg.method.fullName("<operator>.indirection").toJsonPretty
[2025-06-19 13:32:52] cpg.method.fullName("<operator>.notEquals").toJsonPretty
[2025-06-19 13:32:52] cpg.method.fullName("close").toJsonPretty
[2025-06-19 13:32:52] cpg.method.fullName("close").parameter.toJsonPretty
[2025-06-19 13:32:52] cpg.method.fullName("execl").toJsonPretty
[2025-06-19 13:32:52] cpg.method.fullName("execl").parameter.toJsonPretty
[2025-06-19 13:32:52] cpg.method.fullName("strcat").toJsonPretty
[2025-06-19 13:32:52] cpg.method.fullName("strcat").parameter.toJsonPretty
[2025-06-19 13:32:52] cpg.method.fullName("srand").toJsonPretty
[2025-06-19 13:32:52] cpg.method.fullName("srand").parameter.toJsonPretty
[2025-06-19 13:32:52] cpg.method.fullName("time").toJsonPretty
[2025-06-19 13:32:52] cpg.method.fullName("time").parameter.toJsonPretty
[2025-06-19 13:33:11] importCode("/home/nstl/data/CPGvulnHunter/test/test_case/juliet/output/CWE78_OS_Command_Injection/s01/CWE78_OS_Command_Injection__char_connect_socket_execl_01")
[2025-06-19 13:33:13] cpg.method.fullName.toJsonPretty
[2025-06-19 13:33:13] cpg.method.fullName("CWE78_OS_Command_Injection__char_connect_socket_execl_01.c:<global>").toJsonPretty
[2025-06-19 13:33:13] cpg.method.fullName("CWE78_OS_Command_Injection__char_connect_socket_execl_01_bad").toJsonPretty
[2025-06-19 13:33:13] cpg.method.fullName("goodG2B").toJsonPretty
[2025-06-19 13:33:13] cpg.method.fullName("CWE78_OS_Command_Injection__char_connect_socket_execl_01_good").toJsonPretty
[2025-06-19 13:33:13] cpg.method.fullName("main").toJsonPretty
[2025-06-19 13:33:13] cpg.method.fullName("<includes>:<global>").toJsonPretty
[2025-06-19 13:33:13] cpg.method.fullName("printLongLongLine").toJsonPretty
[2025-06-19 13:33:13] cpg.method.fullName("printHexCharLine").toJsonPretty
[2025-06-19 13:33:13] cpg.method.fullName("printWcharLine").toJsonPretty
[2025-06-19 13:33:13] cpg.method.fullName("printBytesLine").toJsonPretty
[2025-06-19 13:33:13] cpg.method.fullName("printShortLine").toJsonPretty
[2025-06-19 13:33:13] cpg.method.fullName("printLongLine").toJsonPretty
[2025-06-19 13:33:13] cpg.method.fullName("printFloatLine").toJsonPretty
[2025-06-19 13:33:13] cpg.method.fullName("printLine").toJsonPretty
[2025-06-19 13:33:13] cpg.method.fullName("decodeHexChars").toJsonPretty
[2025-06-19 13:33:13] cpg.method.fullName("printUnsignedLine").toJsonPretty
[2025-06-19 13:33:13] cpg.method.fullName("printHexUnsignedCharLine").toJsonPretty
[2025-06-19 13:33:13] cpg.method.fullName("globalReturnsTrueOrFalse").toJsonPretty
[2025-06-19 13:33:13] cpg.method.fullName("globalReturnsFalse").toJsonPretty
[2025-06-19 13:33:13] cpg.method.fullName("globalReturnsTrue").toJsonPretty
[2025-06-19 13:33:13] cpg.method.fullName("printSizeTLine").toJsonPretty
[2025-06-19 13:33:13] cpg.method.fullName("printIntLine").toJsonPretty
[2025-06-19 13:33:13] cpg.method.fullName("printStructLine").toJsonPretty
[2025-06-19 13:33:13] cpg.method.fullName("decodeHexWChars").toJsonPretty
[2025-06-19 13:33:14] cpg.method.fullName("printWLine").toJsonPretty
[2025-06-19 13:33:14] cpg.method.fullName("printDoubleLine").toJsonPretty
[2025-06-19 13:33:14] cpg.method.fullName("<operator>.assignment").toJsonPretty
[2025-06-19 13:33:14] cpg.method.fullName("<operator>.alloc").toJsonPretty
[2025-06-19 13:33:14] cpg.method.fullName("<operator>.minus").toJsonPretty
[2025-06-19 13:33:14] cpg.method.fullName("strlen").toJsonPretty
[2025-06-19 13:33:14] cpg.method.fullName("strlen").parameter.toJsonPretty
[2025-06-19 13:33:14] cpg.method.fullName("socket").toJsonPretty
[2025-06-19 13:33:14] cpg.method.fullName("socket").parameter.toJsonPretty
[2025-06-19 13:33:14] cpg.method.fullName("<operator>.equals").toJsonPretty
[2025-06-19 13:33:14] cpg.method.fullName("memset").toJsonPretty
[2025-06-19 13:33:14] cpg.method.fullName("memset").parameter.toJsonPretty
[2025-06-19 13:33:14] cpg.method.fullName("<operator>.addressOf").toJsonPretty
[2025-06-19 13:33:14] cpg.method.fullName("<operator>.sizeOf").toJsonPretty
[2025-06-19 13:33:14] cpg.method.fullName("<operator>.fieldAccess").toJsonPretty
[2025-06-19 13:33:14] cpg.method.fullName("inet_addr").toJsonPretty
[2025-06-19 13:33:14] cpg.method.fullName("inet_addr").parameter.toJsonPretty
[2025-06-19 13:33:14] cpg.method.fullName("htons").toJsonPretty
[2025-06-19 13:33:14] cpg.method.fullName("htons").parameter.toJsonPretty
[2025-06-19 13:33:14] cpg.method.fullName("connect").toJsonPretty
[2025-06-19 13:33:14] cpg.method.fullName("connect").parameter.toJsonPretty
[2025-06-19 13:33:14] cpg.method.fullName("<operator>.cast").toJsonPretty
[2025-06-19 13:33:14] cpg.method.fullName("recv").toJsonPretty
[2025-06-19 13:33:14] cpg.method.fullName("recv").parameter.toJsonPretty
[2025-06-19 13:33:14] cpg.method.fullName("<operator>.addition").toJsonPretty
[2025-06-19 13:33:14] cpg.method.fullName("<operator>.multiplication").toJsonPretty
[2025-06-19 13:33:14] cpg.method.fullName("<operator>.subtraction").toJsonPretty
[2025-06-19 13:33:15] cpg.method.fullName("<operator>.logicalOr").toJsonPretty
[2025-06-19 13:33:15] cpg.method.fullName("<operator>.indirectIndexAccess").toJsonPretty
[2025-06-19 13:33:15] cpg.method.fullName("<operator>.division").toJsonPretty
[2025-06-19 13:33:15] cpg.method.fullName("strchr").toJsonPretty
[2025-06-19 13:33:15] cpg.method.fullName("strchr").parameter.toJsonPretty
[2025-06-19 13:33:15] cpg.method.fullName("<operator>.indirection").toJsonPretty
[2025-06-19 13:33:15] cpg.method.fullName("<operator>.notEquals").toJsonPretty
[2025-06-19 13:33:15] cpg.method.fullName("close").toJsonPretty
[2025-06-19 13:33:15] cpg.method.fullName("close").parameter.toJsonPretty
[2025-06-19 13:33:15] cpg.method.fullName("execl").toJsonPretty
[2025-06-19 13:33:15] cpg.method.fullName("execl").parameter.toJsonPretty
[2025-06-19 13:33:15] cpg.method.fullName("strcat").toJsonPretty
[2025-06-19 13:33:15] cpg.method.fullName("strcat").parameter.toJsonPretty
[2025-06-19 13:33:15] cpg.method.fullName("srand").toJsonPretty
[2025-06-19 13:33:15] cpg.method.fullName("srand").parameter.toJsonPretty
[2025-06-19 13:33:15] cpg.method.fullName("time").toJsonPretty
[2025-06-19 13:33:15] cpg.method.fullName("time").parameter.toJsonPretty
[2025-06-19 13:34:57] 1 + 1
[2025-06-19 13:34:57] import io.joern.dataflowengineoss.*
[2025-06-19 13:36:38] cpg.methodParameterIn.where(_.method.fullName("execl")).index(1).l.reachableByDetailed(cpg.call.where(_.methodFullName("recv")).argument(1).ast.l).toJsonPretty
[2025-06-19 13:36:39] cpg.methodParameterIn.where(_.method.fullName("execl")).index(2).l.reachableByDetailed(cpg.call.where(_.methodFullName("recv")).argument(1).ast.l).toJsonPretty
[2025-06-19 13:37:00] importCode("/home/nstl/data/CPGvulnHunter/test/test_case/juliet/output/CWE78_OS_Command_Injection/s01/CWE78_OS_Command_Injection__char_connect_socket_execl_01")
[2025-06-19 13:37:02] cpg.method.fullName.toJsonPretty
[2025-06-19 13:37:02] cpg.method.fullName("CWE78_OS_Command_Injection__char_connect_socket_execl_01.c:<global>").toJsonPretty
[2025-06-19 13:37:02] cpg.method.fullName("CWE78_OS_Command_Injection__char_connect_socket_execl_01_bad").toJsonPretty
[2025-06-19 13:37:02] cpg.method.fullName("goodG2B").toJsonPretty
[2025-06-19 13:37:02] cpg.method.fullName("CWE78_OS_Command_Injection__char_connect_socket_execl_01_good").toJsonPretty
[2025-06-19 13:37:02] cpg.method.fullName("main").toJsonPretty
[2025-06-19 13:37:02] cpg.method.fullName("<includes>:<global>").toJsonPretty
[2025-06-19 13:37:02] cpg.method.fullName("printLongLongLine").toJsonPretty
[2025-06-19 13:37:02] cpg.method.fullName("printHexCharLine").toJsonPretty
[2025-06-19 13:37:02] cpg.method.fullName("printWcharLine").toJsonPretty
[2025-06-19 13:37:03] cpg.method.fullName("printBytesLine").toJsonPretty
[2025-06-19 13:37:03] cpg.method.fullName("printShortLine").toJsonPretty
[2025-06-19 13:37:03] cpg.method.fullName("printLongLine").toJsonPretty
[2025-06-19 13:37:03] cpg.method.fullName("printFloatLine").toJsonPretty
[2025-06-19 13:37:03] cpg.method.fullName("printLine").toJsonPretty
[2025-06-19 13:37:03] cpg.method.fullName("decodeHexChars").toJsonPretty
[2025-06-19 13:37:03] cpg.method.fullName("printUnsignedLine").toJsonPretty
[2025-06-19 13:37:03] cpg.method.fullName("printHexUnsignedCharLine").toJsonPretty
[2025-06-19 13:37:03] cpg.method.fullName("globalReturnsTrueOrFalse").toJsonPretty
[2025-06-19 13:37:03] cpg.method.fullName("globalReturnsFalse").toJsonPretty
[2025-06-19 13:37:03] cpg.method.fullName("globalReturnsTrue").toJsonPretty
[2025-06-19 13:37:03] cpg.method.fullName("printSizeTLine").toJsonPretty
[2025-06-19 13:37:03] cpg.method.fullName("printIntLine").toJsonPretty
[2025-06-19 13:37:03] cpg.method.fullName("printStructLine").toJsonPretty
[2025-06-19 13:37:03] cpg.method.fullName("decodeHexWChars").toJsonPretty
[2025-06-19 13:37:03] cpg.method.fullName("printWLine").toJsonPretty
[2025-06-19 13:37:03] cpg.method.fullName("printDoubleLine").toJsonPretty
[2025-06-19 13:37:03] cpg.method.fullName("<operator>.assignment").toJsonPretty
[2025-06-19 13:37:03] cpg.method.fullName("<operator>.alloc").toJsonPretty
[2025-06-19 13:37:03] cpg.method.fullName("<operator>.minus").toJsonPretty
[2025-06-19 13:37:03] cpg.method.fullName("strlen").toJsonPretty
[2025-06-19 13:37:04] cpg.method.fullName("strlen").parameter.toJsonPretty
[2025-06-19 13:37:04] cpg.method.fullName("socket").toJsonPretty
[2025-06-19 13:37:04] cpg.method.fullName("socket").parameter.toJsonPretty
[2025-06-19 13:37:04] cpg.method.fullName("<operator>.equals").toJsonPretty
[2025-06-19 13:37:04] cpg.method.fullName("memset").toJsonPretty
[2025-06-19 13:37:04] cpg.method.fullName("memset").parameter.toJsonPretty
[2025-06-19 13:37:04] cpg.method.fullName("<operator>.addressOf").toJsonPretty
[2025-06-19 13:37:04] cpg.method.fullName("<operator>.sizeOf").toJsonPretty
[2025-06-19 13:37:04] cpg.method.fullName("<operator>.fieldAccess").toJsonPretty
[2025-06-19 13:37:04] cpg.method.fullName("inet_addr").toJsonPretty
[2025-06-19 13:37:04] cpg.method.fullName("inet_addr").parameter.toJsonPretty
[2025-06-19 13:37:04] cpg.method.fullName("htons").toJsonPretty
[2025-06-19 13:37:04] cpg.method.fullName("htons").parameter.toJsonPretty
[2025-06-19 13:37:04] cpg.method.fullName("connect").toJsonPretty
[2025-06-19 13:37:04] cpg.method.fullName("connect").parameter.toJsonPretty
[2025-06-19 13:37:04] cpg.method.fullName("<operator>.cast").toJsonPretty
[2025-06-19 13:37:04] cpg.method.fullName("recv").toJsonPretty
[2025-06-19 13:37:04] cpg.method.fullName("recv").parameter.toJsonPretty
[2025-06-19 13:37:04] cpg.method.fullName("<operator>.addition").toJsonPretty
[2025-06-19 13:37:05] cpg.method.fullName("<operator>.multiplication").toJsonPretty
[2025-06-19 13:37:05] cpg.method.fullName("<operator>.subtraction").toJsonPretty
[2025-06-19 13:37:05] cpg.method.fullName("<operator>.logicalOr").toJsonPretty
[2025-06-19 13:37:05] cpg.method.fullName("<operator>.indirectIndexAccess").toJsonPretty
[2025-06-19 13:37:05] cpg.method.fullName("<operator>.division").toJsonPretty
[2025-06-19 13:37:05] cpg.method.fullName("strchr").toJsonPretty
[2025-06-19 13:37:05] cpg.method.fullName("strchr").parameter.toJsonPretty
[2025-06-19 13:37:05] cpg.method.fullName("<operator>.indirection").toJsonPretty
[2025-06-19 13:37:05] cpg.method.fullName("<operator>.notEquals").toJsonPretty
[2025-06-19 13:37:05] cpg.method.fullName("close").toJsonPretty
[2025-06-19 13:37:05] cpg.method.fullName("close").parameter.toJsonPretty
[2025-06-19 13:37:05] cpg.method.fullName("execl").toJsonPretty
[2025-06-19 13:37:05] cpg.method.fullName("execl").parameter.toJsonPretty
[2025-06-19 13:37:05] cpg.method.fullName("strcat").toJsonPretty
[2025-06-19 13:37:05] cpg.method.fullName("strcat").parameter.toJsonPretty
[2025-06-19 13:37:05] cpg.method.fullName("srand").toJsonPretty
[2025-06-19 13:37:05] cpg.method.fullName("srand").parameter.toJsonPretty
[2025-06-19 13:37:05] cpg.method.fullName("time").toJsonPretty
[2025-06-19 13:37:05] cpg.method.fullName("time").parameter.toJsonPretty
[2025-06-19 13:37:05] 1 + 1
[2025-06-19 13:37:05] import io.joern.dataflowengineoss.*
[2025-06-19 13:37:49] importCode("/home/nstl/data/CPGvulnHunter/test/test_case/juliet/output/CWE78_OS_Command_Injection/s01/CWE78_OS_Command_Injection__char_connect_socket_execl_01")
[2025-06-19 13:37:51] cpg.method.fullName.toJsonPretty
[2025-06-19 13:37:51] cpg.method.fullName("CWE78_OS_Command_Injection__char_connect_socket_execl_01.c:<global>").toJsonPretty
[2025-06-19 13:37:51] cpg.method.fullName("CWE78_OS_Command_Injection__char_connect_socket_execl_01_bad").toJsonPretty
[2025-06-19 13:37:51] cpg.method.fullName("goodG2B").toJsonPretty
[2025-06-19 13:37:51] cpg.method.fullName("CWE78_OS_Command_Injection__char_connect_socket_execl_01_good").toJsonPretty
[2025-06-19 13:37:51] cpg.method.fullName("main").toJsonPretty
[2025-06-19 13:37:51] cpg.method.fullName("<includes>:<global>").toJsonPretty
[2025-06-19 13:37:51] cpg.method.fullName("printLongLongLine").toJsonPretty
[2025-06-19 13:37:51] cpg.method.fullName("printHexCharLine").toJsonPretty
[2025-06-19 13:37:51] cpg.method.fullName("printWcharLine").toJsonPretty
[2025-06-19 13:37:51] cpg.method.fullName("printBytesLine").toJsonPretty
[2025-06-19 13:37:52] cpg.method.fullName("printShortLine").toJsonPretty
[2025-06-19 13:37:52] cpg.method.fullName("printLongLine").toJsonPretty
[2025-06-19 13:37:52] cpg.method.fullName("printFloatLine").toJsonPretty
[2025-06-19 13:37:52] cpg.method.fullName("printLine").toJsonPretty
[2025-06-19 13:37:52] cpg.method.fullName("decodeHexChars").toJsonPretty
[2025-06-19 13:37:52] cpg.method.fullName("printUnsignedLine").toJsonPretty
[2025-06-19 13:37:52] cpg.method.fullName("printHexUnsignedCharLine").toJsonPretty
[2025-06-19 13:37:52] cpg.method.fullName("globalReturnsTrueOrFalse").toJsonPretty
[2025-06-19 13:37:52] cpg.method.fullName("globalReturnsFalse").toJsonPretty
[2025-06-19 13:37:52] cpg.method.fullName("globalReturnsTrue").toJsonPretty
[2025-06-19 13:37:52] cpg.method.fullName("printSizeTLine").toJsonPretty
[2025-06-19 13:37:52] cpg.method.fullName("printIntLine").toJsonPretty
[2025-06-19 13:37:52] cpg.method.fullName("printStructLine").toJsonPretty
[2025-06-19 13:37:52] cpg.method.fullName("decodeHexWChars").toJsonPretty
[2025-06-19 13:37:52] cpg.method.fullName("printWLine").toJsonPretty
[2025-06-19 13:37:52] cpg.method.fullName("printDoubleLine").toJsonPretty
[2025-06-19 13:37:52] cpg.method.fullName("<operator>.assignment").toJsonPretty
[2025-06-19 13:37:52] cpg.method.fullName("<operator>.alloc").toJsonPretty
[2025-06-19 13:37:52] cpg.method.fullName("<operator>.minus").toJsonPretty
[2025-06-19 13:37:52] cpg.method.fullName("strlen").toJsonPretty
[2025-06-19 13:37:52] cpg.method.fullName("strlen").parameter.toJsonPretty
[2025-06-19 13:37:53] cpg.method.fullName("socket").toJsonPretty
[2025-06-19 13:37:53] cpg.method.fullName("socket").parameter.toJsonPretty
[2025-06-19 13:37:53] cpg.method.fullName("<operator>.equals").toJsonPretty
[2025-06-19 13:37:53] cpg.method.fullName("memset").toJsonPretty
[2025-06-19 13:37:53] cpg.method.fullName("memset").parameter.toJsonPretty
[2025-06-19 13:37:53] cpg.method.fullName("<operator>.addressOf").toJsonPretty
[2025-06-19 13:37:53] cpg.method.fullName("<operator>.sizeOf").toJsonPretty
[2025-06-19 13:37:53] cpg.method.fullName("<operator>.fieldAccess").toJsonPretty
[2025-06-19 13:37:53] cpg.method.fullName("inet_addr").toJsonPretty
[2025-06-19 13:37:53] cpg.method.fullName("inet_addr").parameter.toJsonPretty
[2025-06-19 13:37:53] cpg.method.fullName("htons").toJsonPretty
[2025-06-19 13:37:53] cpg.method.fullName("htons").parameter.toJsonPretty
[2025-06-19 13:37:53] cpg.method.fullName("connect").toJsonPretty
[2025-06-19 13:37:53] cpg.method.fullName("connect").parameter.toJsonPretty
[2025-06-19 13:37:53] cpg.method.fullName("<operator>.cast").toJsonPretty
[2025-06-19 13:37:53] cpg.method.fullName("recv").toJsonPretty
[2025-06-19 13:37:53] cpg.method.fullName("recv").parameter.toJsonPretty
[2025-06-19 13:37:53] cpg.method.fullName("<operator>.addition").toJsonPretty
[2025-06-19 13:37:53] cpg.method.fullName("<operator>.multiplication").toJsonPretty
[2025-06-19 13:37:53] cpg.method.fullName("<operator>.subtraction").toJsonPretty
[2025-06-19 13:37:53] cpg.method.fullName("<operator>.logicalOr").toJsonPretty
[2025-06-19 13:37:54] cpg.method.fullName("<operator>.indirectIndexAccess").toJsonPretty
[2025-06-19 13:37:54] cpg.method.fullName("<operator>.division").toJsonPretty
[2025-06-19 13:37:54] cpg.method.fullName("strchr").toJsonPretty
[2025-06-19 13:37:54] cpg.method.fullName("strchr").parameter.toJsonPretty
[2025-06-19 13:37:54] cpg.method.fullName("<operator>.indirection").toJsonPretty
[2025-06-19 13:37:54] cpg.method.fullName("<operator>.notEquals").toJsonPretty
[2025-06-19 13:37:54] cpg.method.fullName("close").toJsonPretty
[2025-06-19 13:37:54] cpg.method.fullName("close").parameter.toJsonPretty
[2025-06-19 13:37:54] cpg.method.fullName("execl").toJsonPretty
[2025-06-19 13:37:54] cpg.method.fullName("execl").parameter.toJsonPretty
[2025-06-19 13:37:54] cpg.method.fullName("strcat").toJsonPretty
[2025-06-19 13:37:54] cpg.method.fullName("strcat").parameter.toJsonPretty
[2025-06-19 13:37:54] cpg.method.fullName("srand").toJsonPretty
[2025-06-19 13:37:54] cpg.method.fullName("srand").parameter.toJsonPretty
[2025-06-19 13:37:54] cpg.method.fullName("time").toJsonPretty
[2025-06-19 13:37:54] cpg.method.fullName("time").parameter.toJsonPretty
[2025-06-19 13:39:39] 1 + 1
[2025-06-19 13:39:39] import io.joern.dataflowengineoss.*
[2025-06-19 14:36:20] importCode("/home/nstl/data/CPGvulnHunter/test/test_case/juliet/output/CWE78_OS_Command_Injection/s01/CWE78_OS_Command_Injection__char_connect_socket_execl_01")
[2025-06-19 14:36:22] cpg.method.fullName.toJsonPretty
[2025-06-19 14:36:22] cpg.method.fullName("CWE78_OS_Command_Injection__char_connect_socket_execl_01.c:<global>").toJsonPretty
[2025-06-19 14:36:22] cpg.method.fullName("CWE78_OS_Command_Injection__char_connect_socket_execl_01_bad").toJsonPretty
[2025-06-19 14:36:22] cpg.method.fullName("goodG2B").toJsonPretty
[2025-06-19 14:36:22] cpg.method.fullName("CWE78_OS_Command_Injection__char_connect_socket_execl_01_good").toJsonPretty
[2025-06-19 14:36:22] cpg.method.fullName("main").toJsonPretty
[2025-06-19 14:36:22] cpg.method.fullName("<includes>:<global>").toJsonPretty
[2025-06-19 14:36:22] cpg.method.fullName("printLongLongLine").toJsonPretty
[2025-06-19 14:36:22] cpg.method.fullName("printHexCharLine").toJsonPretty
[2025-06-19 14:36:22] cpg.method.fullName("printWcharLine").toJsonPretty
[2025-06-19 14:36:22] cpg.method.fullName("printBytesLine").toJsonPretty
[2025-06-19 14:36:22] cpg.method.fullName("printShortLine").toJsonPretty
[2025-06-19 14:36:22] cpg.method.fullName("printLongLine").toJsonPretty
[2025-06-19 14:36:23] cpg.method.fullName("printFloatLine").toJsonPretty
[2025-06-19 14:36:23] cpg.method.fullName("printLine").toJsonPretty
[2025-06-19 14:36:23] cpg.method.fullName("decodeHexChars").toJsonPretty
[2025-06-19 14:36:23] cpg.method.fullName("printUnsignedLine").toJsonPretty
[2025-06-19 14:36:23] cpg.method.fullName("printHexUnsignedCharLine").toJsonPretty
[2025-06-19 14:36:23] cpg.method.fullName("globalReturnsTrueOrFalse").toJsonPretty
[2025-06-19 14:36:23] cpg.method.fullName("globalReturnsFalse").toJsonPretty
[2025-06-19 14:36:23] cpg.method.fullName("globalReturnsTrue").toJsonPretty
[2025-06-19 14:36:23] cpg.method.fullName("printSizeTLine").toJsonPretty
[2025-06-19 14:36:23] cpg.method.fullName("printIntLine").toJsonPretty
[2025-06-19 14:36:23] cpg.method.fullName("printStructLine").toJsonPretty
[2025-06-19 14:36:23] cpg.method.fullName("decodeHexWChars").toJsonPretty
[2025-06-19 14:36:23] cpg.method.fullName("printWLine").toJsonPretty
[2025-06-19 14:36:23] cpg.method.fullName("printDoubleLine").toJsonPretty
[2025-06-19 14:36:23] cpg.method.fullName("<operator>.assignment").toJsonPretty
[2025-06-19 14:36:23] cpg.method.fullName("<operator>.alloc").toJsonPretty
[2025-06-19 14:36:23] cpg.method.fullName("<operator>.minus").toJsonPretty
[2025-06-19 14:36:23] cpg.method.fullName("strlen").toJsonPretty
[2025-06-19 14:36:23] cpg.method.fullName("strlen").parameter.toJsonPretty
[2025-06-19 14:36:23] cpg.method.fullName("socket").toJsonPretty
[2025-06-19 14:36:23] cpg.method.fullName("socket").parameter.toJsonPretty
[2025-06-19 14:36:24] cpg.method.fullName("<operator>.equals").toJsonPretty
[2025-06-19 14:36:24] cpg.method.fullName("memset").toJsonPretty
[2025-06-19 14:36:24] cpg.method.fullName("memset").parameter.toJsonPretty
[2025-06-19 14:36:24] cpg.method.fullName("<operator>.addressOf").toJsonPretty
[2025-06-19 14:36:24] cpg.method.fullName("<operator>.sizeOf").toJsonPretty
[2025-06-19 14:36:24] cpg.method.fullName("<operator>.fieldAccess").toJsonPretty
[2025-06-19 14:36:24] cpg.method.fullName("inet_addr").toJsonPretty
[2025-06-19 14:36:24] cpg.method.fullName("inet_addr").parameter.toJsonPretty
[2025-06-19 14:36:24] cpg.method.fullName("htons").toJsonPretty
[2025-06-19 14:36:24] cpg.method.fullName("htons").parameter.toJsonPretty
[2025-06-19 14:36:24] cpg.method.fullName("connect").toJsonPretty
[2025-06-19 14:36:24] cpg.method.fullName("connect").parameter.toJsonPretty
[2025-06-19 14:36:24] cpg.method.fullName("<operator>.cast").toJsonPretty
[2025-06-19 14:36:24] cpg.method.fullName("recv").toJsonPretty
[2025-06-19 14:36:24] cpg.method.fullName("recv").parameter.toJsonPretty
[2025-06-19 14:36:24] cpg.method.fullName("<operator>.addition").toJsonPretty
[2025-06-19 14:36:24] cpg.method.fullName("<operator>.multiplication").toJsonPretty
[2025-06-19 14:36:24] cpg.method.fullName("<operator>.subtraction").toJsonPretty
[2025-06-19 14:36:25] cpg.method.fullName("<operator>.logicalOr").toJsonPretty
[2025-06-19 14:36:25] cpg.method.fullName("<operator>.indirectIndexAccess").toJsonPretty
[2025-06-19 14:36:25] cpg.method.fullName("<operator>.division").toJsonPretty
[2025-06-19 14:36:25] cpg.method.fullName("strchr").toJsonPretty
[2025-06-19 14:36:25] cpg.method.fullName("strchr").parameter.toJsonPretty
[2025-06-19 14:36:25] cpg.method.fullName("<operator>.indirection").toJsonPretty
[2025-06-19 14:36:25] cpg.method.fullName("<operator>.notEquals").toJsonPretty
[2025-06-19 14:36:25] cpg.method.fullName("close").toJsonPretty
[2025-06-19 14:36:25] cpg.method.fullName("close").parameter.toJsonPretty
[2025-06-19 14:36:25] cpg.method.fullName("execl").toJsonPretty
[2025-06-19 14:36:25] cpg.method.fullName("execl").parameter.toJsonPretty
[2025-06-19 14:36:25] cpg.method.fullName("strcat").toJsonPretty
[2025-06-19 14:36:25] cpg.method.fullName("strcat").parameter.toJsonPretty
[2025-06-19 14:36:25] cpg.method.fullName("srand").toJsonPretty
[2025-06-19 14:36:25] cpg.method.fullName("srand").parameter.toJsonPretty
[2025-06-19 14:36:25] cpg.method.fullName("time").toJsonPretty
[2025-06-19 14:36:25] cpg.method.fullName("time").parameter.toJsonPretty
[2025-06-19 14:36:25] 1 + 1
[2025-06-19 14:36:25] import io.joern.dataflowengineoss.*
[2025-06-19 14:39:00] importCode("/home/nstl/data/CPGvulnHunter/test/test_case/juliet/output/CWE78_OS_Command_Injection/s01/CWE78_OS_Command_Injection__char_connect_socket_execl_01")
[2025-06-19 14:39:02] cpg.method.fullName.toJsonPretty
[2025-06-19 14:39:42] importCode("/home/nstl/data/CPGvulnHunter/test/test_case/juliet/output/CWE78_OS_Command_Injection/s01/CWE78_OS_Command_Injection__char_connect_socket_execl_01")
[2025-06-19 14:39:45] cpg.method.fullName.toJsonPretty
[2025-06-19 14:39:45] cpg.method.fullName("CWE78_OS_Command_Injection__char_connect_socket_execl_01.c:<global>").toJsonPretty
[2025-06-19 14:39:45] cpg.method.fullName("CWE78_OS_Command_Injection__char_connect_socket_execl_01_bad").toJsonPretty
[2025-06-19 14:39:45] cpg.method.fullName("goodG2B").toJsonPretty
[2025-06-19 14:39:46] cpg.method.fullName("CWE78_OS_Command_Injection__char_connect_socket_execl_01_good").toJsonPretty
[2025-06-19 14:39:46] cpg.method.fullName("main").toJsonPretty
[2025-06-19 14:39:46] cpg.method.fullName("<includes>:<global>").toJsonPretty
[2025-06-19 14:39:46] cpg.method.fullName("printLongLongLine").toJsonPretty
[2025-06-19 14:39:46] cpg.method.fullName("printHexCharLine").toJsonPretty
[2025-06-19 14:39:46] cpg.method.fullName("printWcharLine").toJsonPretty
[2025-06-19 14:39:46] cpg.method.fullName("printBytesLine").toJsonPretty
[2025-06-19 14:39:46] cpg.method.fullName("printShortLine").toJsonPretty
[2025-06-19 14:39:46] cpg.method.fullName("printLongLine").toJsonPretty
[2025-06-19 14:39:46] cpg.method.fullName("printFloatLine").toJsonPretty
[2025-06-19 14:39:46] cpg.method.fullName("printLine").toJsonPretty
[2025-06-19 14:39:46] cpg.method.fullName("decodeHexChars").toJsonPretty
[2025-06-19 14:39:46] cpg.method.fullName("printUnsignedLine").toJsonPretty
[2025-06-19 14:39:46] cpg.method.fullName("printHexUnsignedCharLine").toJsonPretty
[2025-06-19 14:39:47] cpg.method.fullName("globalReturnsTrueOrFalse").toJsonPretty
[2025-06-19 14:39:47] cpg.method.fullName("globalReturnsFalse").toJsonPretty
[2025-06-19 14:39:47] cpg.method.fullName("globalReturnsTrue").toJsonPretty
[2025-06-19 14:39:47] cpg.method.fullName("printSizeTLine").toJsonPretty
[2025-06-19 14:39:47] cpg.method.fullName("printIntLine").toJsonPretty
[2025-06-19 14:39:47] cpg.method.fullName("printStructLine").toJsonPretty
[2025-06-19 14:39:47] cpg.method.fullName("decodeHexWChars").toJsonPretty
[2025-06-19 14:39:47] cpg.method.fullName("printWLine").toJsonPretty
[2025-06-19 14:39:47] cpg.method.fullName("printDoubleLine").toJsonPretty
[2025-06-19 14:39:47] cpg.method.fullName("<operator>.assignment").toJsonPretty
[2025-06-19 14:39:47] cpg.method.fullName("<operator>.alloc").toJsonPretty
[2025-06-19 14:39:48] cpg.method.fullName("<operator>.minus").toJsonPretty
[2025-06-19 14:39:48] cpg.method.fullName("strlen").toJsonPretty
[2025-06-19 14:39:48] cpg.method.fullName("strlen").parameter.toJsonPretty
[2025-06-19 14:39:48] cpg.method.fullName("socket").toJsonPretty
[2025-06-19 14:39:48] cpg.method.fullName("socket").parameter.toJsonPretty
[2025-06-19 14:39:48] cpg.method.fullName("<operator>.equals").toJsonPretty
[2025-06-19 14:39:48] cpg.method.fullName("memset").toJsonPretty
[2025-06-19 14:39:48] cpg.method.fullName("memset").parameter.toJsonPretty
[2025-06-19 14:39:48] cpg.method.fullName("<operator>.addressOf").toJsonPretty
[2025-06-19 14:39:48] cpg.method.fullName("<operator>.sizeOf").toJsonPretty
[2025-06-19 14:39:48] cpg.method.fullName("<operator>.fieldAccess").toJsonPretty
[2025-06-19 14:39:48] cpg.method.fullName("inet_addr").toJsonPretty
[2025-06-19 14:39:48] cpg.method.fullName("inet_addr").parameter.toJsonPretty
[2025-06-19 14:39:49] cpg.method.fullName("htons").toJsonPretty
[2025-06-19 14:39:49] cpg.method.fullName("htons").parameter.toJsonPretty
[2025-06-19 14:39:49] cpg.method.fullName("connect").toJsonPretty
[2025-06-19 14:39:49] cpg.method.fullName("connect").parameter.toJsonPretty
[2025-06-19 14:39:49] cpg.method.fullName("<operator>.cast").toJsonPretty
[2025-06-19 14:39:49] cpg.method.fullName("recv").toJsonPretty
[2025-06-19 14:39:49] cpg.method.fullName("recv").parameter.toJsonPretty
[2025-06-19 14:39:49] cpg.method.fullName("<operator>.addition").toJsonPretty
[2025-06-19 14:39:49] cpg.method.fullName("<operator>.multiplication").toJsonPretty
[2025-06-19 14:39:49] cpg.method.fullName("<operator>.subtraction").toJsonPretty
[2025-06-19 14:39:50] cpg.method.fullName("<operator>.logicalOr").toJsonPretty
[2025-06-19 14:39:50] cpg.method.fullName("<operator>.indirectIndexAccess").toJsonPretty
[2025-06-19 14:39:50] cpg.method.fullName("<operator>.division").toJsonPretty
[2025-06-19 14:39:50] cpg.method.fullName("strchr").toJsonPretty
[2025-06-19 14:39:50] cpg.method.fullName("strchr").parameter.toJsonPretty
[2025-06-19 14:39:50] cpg.method.fullName("<operator>.indirection").toJsonPretty
[2025-06-19 14:39:50] cpg.method.fullName("<operator>.notEquals").toJsonPretty
[2025-06-19 14:39:50] cpg.method.fullName("close").toJsonPretty
[2025-06-19 14:39:50] cpg.method.fullName("close").parameter.toJsonPretty
[2025-06-19 14:39:50] cpg.method.fullName("execl").toJsonPretty
[2025-06-19 14:39:50] cpg.method.fullName("execl").parameter.toJsonPretty
[2025-06-19 14:39:50] cpg.method.fullName("strcat").toJsonPretty
[2025-06-19 14:39:50] cpg.method.fullName("strcat").parameter.toJsonPretty
[2025-06-19 14:39:51] cpg.method.fullName("srand").toJsonPretty
[2025-06-19 14:39:51] cpg.method.fullName("srand").parameter.toJsonPretty
[2025-06-19 14:39:51] cpg.method.fullName("time").toJsonPretty
[2025-06-19 14:39:51] cpg.method.fullName("time").parameter.toJsonPretty
[2025-06-19 14:40:11] 1 + 1
[2025-06-19 14:40:11] import io.joern.dataflowengineoss.*
[2025-06-19 14:40:30] importCode("/home/nstl/data/CPGvulnHunter/test/test_case/juliet/output/CWE78_OS_Command_Injection/s01/CWE78_OS_Command_Injection__char_connect_socket_execl_01")
[2025-06-19 14:40:31] cpg.method.fullName.toJsonPretty
[2025-06-19 14:40:32] cpg.method.fullName("CWE78_OS_Command_Injection__char_connect_socket_execl_01.c:<global>").toJsonPretty
[2025-06-19 14:40:32] cpg.method.fullName("CWE78_OS_Command_Injection__char_connect_socket_execl_01_bad").toJsonPretty
[2025-06-19 14:40:32] cpg.method.fullName("goodG2B").toJsonPretty
[2025-06-19 14:40:32] cpg.method.fullName("CWE78_OS_Command_Injection__char_connect_socket_execl_01_good").toJsonPretty
[2025-06-19 14:40:32] cpg.method.fullName("main").toJsonPretty
[2025-06-19 14:40:32] cpg.method.fullName("<includes>:<global>").toJsonPretty
[2025-06-19 14:40:32] cpg.method.fullName("printLongLongLine").toJsonPretty
[2025-06-19 14:40:32] cpg.method.fullName("printHexCharLine").toJsonPretty
[2025-06-19 14:40:32] cpg.method.fullName("printWcharLine").toJsonPretty
[2025-06-19 14:40:32] cpg.method.fullName("printBytesLine").toJsonPretty
[2025-06-19 14:40:32] cpg.method.fullName("printShortLine").toJsonPretty
[2025-06-19 14:40:32] cpg.method.fullName("printLongLine").toJsonPretty
[2025-06-19 14:40:32] cpg.method.fullName("printFloatLine").toJsonPretty
[2025-06-19 14:40:33] cpg.method.fullName("printLine").toJsonPretty
[2025-06-19 14:40:33] cpg.method.fullName("decodeHexChars").toJsonPretty
[2025-06-19 14:40:33] cpg.method.fullName("printUnsignedLine").toJsonPretty
[2025-06-19 14:40:33] cpg.method.fullName("printHexUnsignedCharLine").toJsonPretty
[2025-06-19 14:40:33] cpg.method.fullName("globalReturnsTrueOrFalse").toJsonPretty
[2025-06-19 14:40:33] cpg.method.fullName("globalReturnsFalse").toJsonPretty
[2025-06-19 14:40:33] cpg.method.fullName("globalReturnsTrue").toJsonPretty
[2025-06-19 14:40:33] cpg.method.fullName("printSizeTLine").toJsonPretty
[2025-06-19 14:40:33] cpg.method.fullName("printIntLine").toJsonPretty
[2025-06-19 14:40:33] cpg.method.fullName("printStructLine").toJsonPretty
[2025-06-19 14:40:33] cpg.method.fullName("decodeHexWChars").toJsonPretty
[2025-06-19 14:40:33] cpg.method.fullName("printWLine").toJsonPretty
[2025-06-19 14:40:33] cpg.method.fullName("printDoubleLine").toJsonPretty
[2025-06-19 14:40:33] cpg.method.fullName("<operator>.assignment").toJsonPretty
[2025-06-19 14:40:33] cpg.method.fullName("<operator>.alloc").toJsonPretty
[2025-06-19 14:40:34] cpg.method.fullName("<operator>.minus").toJsonPretty
[2025-06-19 14:40:34] cpg.method.fullName("strlen").toJsonPretty
[2025-06-19 14:40:34] cpg.method.fullName("strlen").parameter.toJsonPretty
[2025-06-19 14:40:34] cpg.method.fullName("socket").toJsonPretty
[2025-06-19 14:40:34] cpg.method.fullName("socket").parameter.toJsonPretty
[2025-06-19 14:40:34] cpg.method.fullName("<operator>.equals").toJsonPretty
[2025-06-19 14:40:34] cpg.method.fullName("memset").toJsonPretty
[2025-06-19 14:40:34] cpg.method.fullName("memset").parameter.toJsonPretty
[2025-06-19 14:40:34] cpg.method.fullName("<operator>.addressOf").toJsonPretty
[2025-06-19 14:40:34] cpg.method.fullName("<operator>.sizeOf").toJsonPretty
[2025-06-19 14:40:34] cpg.method.fullName("<operator>.fieldAccess").toJsonPretty
[2025-06-19 14:40:34] cpg.method.fullName("inet_addr").toJsonPretty
[2025-06-19 14:40:34] cpg.method.fullName("inet_addr").parameter.toJsonPretty
[2025-06-19 14:40:34] cpg.method.fullName("htons").toJsonPretty
[2025-06-19 14:40:34] cpg.method.fullName("htons").parameter.toJsonPretty
[2025-06-19 14:40:35] cpg.method.fullName("connect").toJsonPretty
[2025-06-19 14:40:35] cpg.method.fullName("connect").parameter.toJsonPretty
[2025-06-19 14:40:35] cpg.method.fullName("<operator>.cast").toJsonPretty
[2025-06-19 14:40:35] cpg.method.fullName("recv").toJsonPretty
[2025-06-19 14:40:35] cpg.method.fullName("recv").parameter.toJsonPretty
[2025-06-19 14:40:35] cpg.method.fullName("<operator>.addition").toJsonPretty
[2025-06-19 14:40:35] cpg.method.fullName("<operator>.multiplication").toJsonPretty
[2025-06-19 14:40:35] cpg.method.fullName("<operator>.subtraction").toJsonPretty
[2025-06-19 14:40:35] cpg.method.fullName("<operator>.logicalOr").toJsonPretty
[2025-06-19 14:40:35] cpg.method.fullName("<operator>.indirectIndexAccess").toJsonPretty
[2025-06-19 14:40:35] cpg.method.fullName("<operator>.division").toJsonPretty
[2025-06-19 14:40:35] cpg.method.fullName("strchr").toJsonPretty
[2025-06-19 14:40:35] cpg.method.fullName("strchr").parameter.toJsonPretty
[2025-06-19 14:40:36] cpg.method.fullName("<operator>.indirection").toJsonPretty
[2025-06-19 14:40:36] cpg.method.fullName("<operator>.notEquals").toJsonPretty
[2025-06-19 14:40:36] cpg.method.fullName("close").toJsonPretty
[2025-06-19 14:40:36] cpg.method.fullName("close").parameter.toJsonPretty
[2025-06-19 14:40:36] cpg.method.fullName("execl").toJsonPretty
[2025-06-19 14:40:36] cpg.method.fullName("execl").parameter.toJsonPretty
[2025-06-19 14:40:36] cpg.method.fullName("strcat").toJsonPretty
[2025-06-19 14:40:36] cpg.method.fullName("strcat").parameter.toJsonPretty
[2025-06-19 14:40:36] cpg.method.fullName("srand").toJsonPretty
[2025-06-19 14:40:36] cpg.method.fullName("srand").parameter.toJsonPretty
[2025-06-19 14:40:36] cpg.method.fullName("time").toJsonPretty
[2025-06-19 14:40:36] cpg.method.fullName("time").parameter.toJsonPretty
[2025-06-19 14:41:39] importCode("/home/nstl/data/CPGvulnHunter/test/test_case/juliet/output/CWE78_OS_Command_Injection/s01/CWE78_OS_Command_Injection__char_connect_socket_execl_01")
[2025-06-19 14:41:41] cpg.method.fullName.toJsonPretty
[2025-06-19 14:41:41] cpg.method.fullName("CWE78_OS_Command_Injection__char_connect_socket_execl_01.c:<global>").toJsonPretty
[2025-06-19 14:41:41] cpg.method.fullName("CWE78_OS_Command_Injection__char_connect_socket_execl_01_bad").toJsonPretty
[2025-06-19 14:41:41] cpg.method.fullName("goodG2B").toJsonPretty
[2025-06-19 14:41:41] cpg.method.fullName("CWE78_OS_Command_Injection__char_connect_socket_execl_01_good").toJsonPretty
[2025-06-19 14:41:41] cpg.method.fullName("main").toJsonPretty
[2025-06-19 14:41:41] cpg.method.fullName("<includes>:<global>").toJsonPretty
[2025-06-19 14:41:41] cpg.method.fullName("printLongLongLine").toJsonPretty
[2025-06-19 14:41:42] cpg.method.fullName("printHexCharLine").toJsonPretty
[2025-06-19 14:41:42] cpg.method.fullName("printWcharLine").toJsonPretty
[2025-06-19 14:41:42] cpg.method.fullName("printBytesLine").toJsonPretty
[2025-06-19 14:41:42] cpg.method.fullName("printShortLine").toJsonPretty
[2025-06-19 14:41:42] cpg.method.fullName("printLongLine").toJsonPretty
[2025-06-19 14:41:42] cpg.method.fullName("printFloatLine").toJsonPretty
[2025-06-19 14:41:42] cpg.method.fullName("printLine").toJsonPretty
[2025-06-19 14:41:42] cpg.method.fullName("decodeHexChars").toJsonPretty
[2025-06-19 14:41:42] cpg.method.fullName("printUnsignedLine").toJsonPretty
[2025-06-19 14:41:42] cpg.method.fullName("printHexUnsignedCharLine").toJsonPretty
[2025-06-19 14:41:42] cpg.method.fullName("globalReturnsTrueOrFalse").toJsonPretty
[2025-06-19 14:41:42] cpg.method.fullName("globalReturnsFalse").toJsonPretty
[2025-06-19 14:41:42] cpg.method.fullName("globalReturnsTrue").toJsonPretty
[2025-06-19 14:41:42] cpg.method.fullName("printSizeTLine").toJsonPretty
[2025-06-19 14:41:42] cpg.method.fullName("printIntLine").toJsonPretty
[2025-06-19 14:41:42] cpg.method.fullName("printStructLine").toJsonPretty
[2025-06-19 14:41:43] cpg.method.fullName("decodeHexWChars").toJsonPretty
[2025-06-19 14:41:43] cpg.method.fullName("printWLine").toJsonPretty
[2025-06-19 14:41:43] cpg.method.fullName("printDoubleLine").toJsonPretty
[2025-06-19 14:41:43] cpg.method.fullName("<operator>.assignment").toJsonPretty
[2025-06-19 14:41:43] cpg.method.fullName("<operator>.alloc").toJsonPretty
[2025-06-19 14:41:43] cpg.method.fullName("<operator>.minus").toJsonPretty
[2025-06-19 14:41:43] cpg.method.fullName("strlen").toJsonPretty
[2025-06-19 14:41:43] cpg.method.fullName("strlen").parameter.toJsonPretty
[2025-06-19 14:41:43] cpg.method.fullName("socket").toJsonPretty
[2025-06-19 14:41:43] cpg.method.fullName("socket").parameter.toJsonPretty
[2025-06-19 14:41:43] cpg.method.fullName("<operator>.equals").toJsonPretty
[2025-06-19 14:41:43] cpg.method.fullName("memset").toJsonPretty
[2025-06-19 14:41:43] cpg.method.fullName("memset").parameter.toJsonPretty
[2025-06-19 14:41:43] cpg.method.fullName("<operator>.addressOf").toJsonPretty
[2025-06-19 14:41:43] cpg.method.fullName("<operator>.sizeOf").toJsonPretty
[2025-06-19 14:41:43] cpg.method.fullName("<operator>.fieldAccess").toJsonPretty
[2025-06-19 14:41:43] cpg.method.fullName("inet_addr").toJsonPretty
[2025-06-19 14:41:43] cpg.method.fullName("inet_addr").parameter.toJsonPretty
[2025-06-19 14:41:43] cpg.method.fullName("htons").toJsonPretty
[2025-06-19 14:41:44] cpg.method.fullName("htons").parameter.toJsonPretty
[2025-06-19 14:41:44] cpg.method.fullName("connect").toJsonPretty
[2025-06-19 14:41:44] cpg.method.fullName("connect").parameter.toJsonPretty
[2025-06-19 14:41:44] cpg.method.fullName("<operator>.cast").toJsonPretty
[2025-06-19 14:41:44] cpg.method.fullName("recv").toJsonPretty
[2025-06-19 14:41:44] cpg.method.fullName("recv").parameter.toJsonPretty
[2025-06-19 14:41:44] cpg.method.fullName("<operator>.addition").toJsonPretty
[2025-06-19 14:41:44] cpg.method.fullName("<operator>.multiplication").toJsonPretty
[2025-06-19 14:41:44] cpg.method.fullName("<operator>.subtraction").toJsonPretty
[2025-06-19 14:41:44] cpg.method.fullName("<operator>.logicalOr").toJsonPretty
[2025-06-19 14:41:44] cpg.method.fullName("<operator>.indirectIndexAccess").toJsonPretty
[2025-06-19 14:41:44] cpg.method.fullName("<operator>.division").toJsonPretty
[2025-06-19 14:41:44] cpg.method.fullName("strchr").toJsonPretty
[2025-06-19 14:41:44] cpg.method.fullName("strchr").parameter.toJsonPretty
[2025-06-19 14:41:44] cpg.method.fullName("<operator>.indirection").toJsonPretty
[2025-06-19 14:41:45] cpg.method.fullName("<operator>.notEquals").toJsonPretty
[2025-06-19 14:41:45] cpg.method.fullName("close").toJsonPretty
[2025-06-19 14:41:45] cpg.method.fullName("close").parameter.toJsonPretty
[2025-06-19 14:41:45] cpg.method.fullName("execl").toJsonPretty
[2025-06-19 14:41:45] cpg.method.fullName("execl").parameter.toJsonPretty
[2025-06-19 14:41:45] cpg.method.fullName("strcat").toJsonPretty
[2025-06-19 14:41:45] cpg.method.fullName("strcat").parameter.toJsonPretty
[2025-06-19 14:41:45] cpg.method.fullName("srand").toJsonPretty
[2025-06-19 14:41:45] cpg.method.fullName("srand").parameter.toJsonPretty
[2025-06-19 14:41:45] cpg.method.fullName("time").toJsonPretty
[2025-06-19 14:41:45] cpg.method.fullName("time").parameter.toJsonPretty
[2025-06-19 14:42:54] importCode("/home/nstl/data/CPGvulnHunter/test/test_case/juliet/output/CWE78_OS_Command_Injection/s01/CWE78_OS_Command_Injection__char_connect_socket_execl_01")
[2025-06-19 14:42:55] cpg.method.fullName.toJsonPretty
[2025-06-19 14:42:55] cpg.method.fullName("CWE78_OS_Command_Injection__char_connect_socket_execl_01.c:<global>").toJsonPretty
[2025-06-19 14:42:55] cpg.method.fullName("CWE78_OS_Command_Injection__char_connect_socket_execl_01_bad").toJsonPretty
[2025-06-19 14:42:56] cpg.method.fullName("goodG2B").toJsonPretty
[2025-06-19 14:42:56] cpg.method.fullName("CWE78_OS_Command_Injection__char_connect_socket_execl_01_good").toJsonPretty
[2025-06-19 14:42:56] cpg.method.fullName("main").toJsonPretty
[2025-06-19 14:42:56] cpg.method.fullName("<includes>:<global>").toJsonPretty
[2025-06-19 14:42:56] cpg.method.fullName("printLongLongLine").toJsonPretty
[2025-06-19 14:42:56] cpg.method.fullName("printHexCharLine").toJsonPretty
[2025-06-19 14:42:56] cpg.method.fullName("printWcharLine").toJsonPretty
[2025-06-19 14:42:56] cpg.method.fullName("printBytesLine").toJsonPretty
[2025-06-19 14:42:56] cpg.method.fullName("printShortLine").toJsonPretty
[2025-06-19 14:42:56] cpg.method.fullName("printLongLine").toJsonPretty
[2025-06-19 14:42:56] cpg.method.fullName("printFloatLine").toJsonPretty
[2025-06-19 14:42:56] cpg.method.fullName("printLine").toJsonPretty
[2025-06-19 14:42:56] cpg.method.fullName("decodeHexChars").toJsonPretty
[2025-06-19 14:42:56] cpg.method.fullName("printUnsignedLine").toJsonPretty
[2025-06-19 14:42:56] cpg.method.fullName("printHexUnsignedCharLine").toJsonPretty
[2025-06-19 14:42:56] cpg.method.fullName("globalReturnsTrueOrFalse").toJsonPretty
[2025-06-19 14:42:57] cpg.method.fullName("globalReturnsFalse").toJsonPretty
[2025-06-19 14:42:57] cpg.method.fullName("globalReturnsTrue").toJsonPretty
[2025-06-19 14:42:57] cpg.method.fullName("printSizeTLine").toJsonPretty
[2025-06-19 14:42:57] cpg.method.fullName("printIntLine").toJsonPretty
[2025-06-19 14:42:57] cpg.method.fullName("printStructLine").toJsonPretty
[2025-06-19 14:42:57] cpg.method.fullName("decodeHexWChars").toJsonPretty
[2025-06-19 14:42:57] cpg.method.fullName("printWLine").toJsonPretty
[2025-06-19 14:42:57] cpg.method.fullName("printDoubleLine").toJsonPretty
[2025-06-19 14:42:57] cpg.method.fullName("<operator>.assignment").toJsonPretty
[2025-06-19 14:42:57] cpg.method.fullName("<operator>.alloc").toJsonPretty
[2025-06-19 14:42:57] cpg.method.fullName("<operator>.minus").toJsonPretty
[2025-06-19 14:42:57] cpg.method.fullName("strlen").toJsonPretty
[2025-06-19 14:42:57] cpg.method.fullName("strlen").parameter.toJsonPretty
[2025-06-19 14:42:57] cpg.method.fullName("socket").toJsonPretty
[2025-06-19 14:42:57] cpg.method.fullName("socket").parameter.toJsonPretty
[2025-06-19 14:42:58] cpg.method.fullName("<operator>.equals").toJsonPretty
[2025-06-19 14:42:58] cpg.method.fullName("memset").toJsonPretty
[2025-06-19 14:42:58] cpg.method.fullName("memset").parameter.toJsonPretty
[2025-06-19 14:42:58] cpg.method.fullName("<operator>.addressOf").toJsonPretty
[2025-06-19 14:42:58] cpg.method.fullName("<operator>.sizeOf").toJsonPretty
[2025-06-19 14:42:58] cpg.method.fullName("<operator>.fieldAccess").toJsonPretty
[2025-06-19 14:42:58] cpg.method.fullName("inet_addr").toJsonPretty
[2025-06-19 14:42:58] cpg.method.fullName("inet_addr").parameter.toJsonPretty
[2025-06-19 14:42:58] cpg.method.fullName("htons").toJsonPretty
[2025-06-19 14:42:58] cpg.method.fullName("htons").parameter.toJsonPretty
[2025-06-19 14:42:58] cpg.method.fullName("connect").toJsonPretty
[2025-06-19 14:42:58] cpg.method.fullName("connect").parameter.toJsonPretty
[2025-06-19 14:42:58] cpg.method.fullName("<operator>.cast").toJsonPretty
[2025-06-19 14:42:58] cpg.method.fullName("recv").toJsonPretty
[2025-06-19 14:42:59] cpg.method.fullName("recv").parameter.toJsonPretty
[2025-06-19 14:42:59] cpg.method.fullName("<operator>.addition").toJsonPretty
[2025-06-19 14:42:59] cpg.method.fullName("<operator>.multiplication").toJsonPretty
[2025-06-19 14:42:59] cpg.method.fullName("<operator>.subtraction").toJsonPretty
[2025-06-19 14:42:59] cpg.method.fullName("<operator>.logicalOr").toJsonPretty
[2025-06-19 14:42:59] cpg.method.fullName("<operator>.indirectIndexAccess").toJsonPretty
[2025-06-19 14:42:59] cpg.method.fullName("<operator>.division").toJsonPretty
[2025-06-19 14:42:59] cpg.method.fullName("strchr").toJsonPretty
[2025-06-19 14:42:59] cpg.method.fullName("strchr").parameter.toJsonPretty
[2025-06-19 14:42:59] cpg.method.fullName("<operator>.indirection").toJsonPretty
[2025-06-19 14:42:59] cpg.method.fullName("<operator>.notEquals").toJsonPretty
[2025-06-19 14:42:59] cpg.method.fullName("close").toJsonPretty
[2025-06-19 14:42:59] cpg.method.fullName("close").parameter.toJsonPretty
[2025-06-19 14:42:59] cpg.method.fullName("execl").toJsonPretty
[2025-06-19 14:42:59] cpg.method.fullName("execl").parameter.toJsonPretty
[2025-06-19 14:42:59] cpg.method.fullName("strcat").toJsonPretty
[2025-06-19 14:43:00] cpg.method.fullName("strcat").parameter.toJsonPretty
[2025-06-19 14:43:00] cpg.method.fullName("srand").toJsonPretty
[2025-06-19 14:43:00] cpg.method.fullName("srand").parameter.toJsonPretty
[2025-06-19 14:43:00] cpg.method.fullName("time").toJsonPretty
[2025-06-19 14:43:00] cpg.method.fullName("time").parameter.toJsonPretty
[2025-06-19 14:43:04] 1 + 1
[2025-06-19 14:43:04] import io.joern.dataflowengineoss.*
[2025-06-19 14:44:56] cpg.methodParameterIn.where(_.method.fullName("execl")).index(1).l.reachableByDetailed(cpg.call.where(_.methodFullName("recv")).argument(1).ast.l).toJsonPretty
[2025-06-19 14:44:57] cpg.methodParameterIn.where(_.method.fullName("execl")).index(2).l.reachableByDetailed(cpg.call.where(_.methodFullName("recv")).argument(1).ast.l).toJsonPretty
[2025-06-19 14:45:52] importCode("/home/nstl/data/CPGvulnHunter/test/test_case/juliet/output/CWE78_OS_Command_Injection/s01/CWE78_OS_Command_Injection__char_connect_socket_execl_01")
[2025-06-19 14:45:54] cpg.method.fullName.toJsonPretty
[2025-06-19 14:45:54] cpg.method.fullName("CWE78_OS_Command_Injection__char_connect_socket_execl_01.c:<global>").toJsonPretty
[2025-06-19 14:45:54] cpg.method.fullName("CWE78_OS_Command_Injection__char_connect_socket_execl_01_bad").toJsonPretty
[2025-06-19 14:45:54] cpg.method.fullName("goodG2B").toJsonPretty
[2025-06-19 14:45:54] cpg.method.fullName("CWE78_OS_Command_Injection__char_connect_socket_execl_01_good").toJsonPretty
[2025-06-19 14:45:54] cpg.method.fullName("main").toJsonPretty
[2025-06-19 14:45:54] cpg.method.fullName("<includes>:<global>").toJsonPretty
[2025-06-19 14:45:54] cpg.method.fullName("printLongLongLine").toJsonPretty
[2025-06-19 14:45:54] cpg.method.fullName("printHexCharLine").toJsonPretty
[2025-06-19 14:45:54] cpg.method.fullName("printWcharLine").toJsonPretty
[2025-06-19 14:45:55] cpg.method.fullName("printBytesLine").toJsonPretty
[2025-06-19 14:45:55] cpg.method.fullName("printShortLine").toJsonPretty
[2025-06-19 14:45:55] cpg.method.fullName("printLongLine").toJsonPretty
[2025-06-19 14:45:55] cpg.method.fullName("printFloatLine").toJsonPretty
[2025-06-19 14:45:55] cpg.method.fullName("printLine").toJsonPretty
[2025-06-19 14:45:55] cpg.method.fullName("decodeHexChars").toJsonPretty
[2025-06-19 14:45:55] cpg.method.fullName("printUnsignedLine").toJsonPretty
[2025-06-19 14:45:55] cpg.method.fullName("printHexUnsignedCharLine").toJsonPretty
[2025-06-19 14:45:55] cpg.method.fullName("globalReturnsTrueOrFalse").toJsonPretty
[2025-06-19 14:45:55] cpg.method.fullName("globalReturnsFalse").toJsonPretty
[2025-06-19 14:45:55] cpg.method.fullName("globalReturnsTrue").toJsonPretty
[2025-06-19 14:45:55] cpg.method.fullName("printSizeTLine").toJsonPretty
[2025-06-19 14:45:55] cpg.method.fullName("printIntLine").toJsonPretty
[2025-06-19 14:45:55] cpg.method.fullName("printStructLine").toJsonPretty
[2025-06-19 14:45:55] cpg.method.fullName("decodeHexWChars").toJsonPretty
[2025-06-19 14:45:55] cpg.method.fullName("printWLine").toJsonPretty
[2025-06-19 14:45:55] cpg.method.fullName("printDoubleLine").toJsonPretty
[2025-06-19 14:45:56] cpg.method.fullName("<operator>.assignment").toJsonPretty
[2025-06-19 14:45:56] cpg.method.fullName("<operator>.alloc").toJsonPretty
[2025-06-19 14:45:56] cpg.method.fullName("<operator>.minus").toJsonPretty
[2025-06-19 14:45:56] cpg.method.fullName("strlen").toJsonPretty
[2025-06-19 14:45:56] cpg.method.fullName("strlen").parameter.toJsonPretty
[2025-06-19 14:45:56] cpg.method.fullName("socket").toJsonPretty
[2025-06-19 14:45:56] cpg.method.fullName("socket").parameter.toJsonPretty
[2025-06-19 14:45:56] cpg.method.fullName("<operator>.equals").toJsonPretty
[2025-06-19 14:45:56] cpg.method.fullName("memset").toJsonPretty
[2025-06-19 14:45:56] cpg.method.fullName("memset").parameter.toJsonPretty
[2025-06-19 14:45:56] cpg.method.fullName("<operator>.addressOf").toJsonPretty
[2025-06-19 14:45:56] cpg.method.fullName("<operator>.sizeOf").toJsonPretty
[2025-06-19 14:45:56] cpg.method.fullName("<operator>.fieldAccess").toJsonPretty
[2025-06-19 14:45:56] cpg.method.fullName("inet_addr").toJsonPretty
[2025-06-19 14:45:56] cpg.method.fullName("inet_addr").parameter.toJsonPretty
[2025-06-19 14:45:56] cpg.method.fullName("htons").toJsonPretty
[2025-06-19 14:45:56] cpg.method.fullName("htons").parameter.toJsonPretty
[2025-06-19 14:45:56] cpg.method.fullName("connect").toJsonPretty
[2025-06-19 14:45:56] cpg.method.fullName("connect").parameter.toJsonPretty
[2025-06-19 14:45:56] cpg.method.fullName("<operator>.cast").toJsonPretty
[2025-06-19 14:45:57] cpg.method.fullName("recv").toJsonPretty
[2025-06-19 14:45:57] cpg.method.fullName("recv").parameter.toJsonPretty
[2025-06-19 14:45:57] cpg.method.fullName("<operator>.addition").toJsonPretty
[2025-06-19 14:45:57] cpg.method.fullName("<operator>.multiplication").toJsonPretty
[2025-06-19 14:45:57] cpg.method.fullName("<operator>.subtraction").toJsonPretty
[2025-06-19 14:45:57] cpg.method.fullName("<operator>.logicalOr").toJsonPretty
[2025-06-19 14:45:57] cpg.method.fullName("<operator>.indirectIndexAccess").toJsonPretty
[2025-06-19 14:45:57] cpg.method.fullName("<operator>.division").toJsonPretty
[2025-06-19 14:45:57] cpg.method.fullName("strchr").toJsonPretty
[2025-06-19 14:45:57] cpg.method.fullName("strchr").parameter.toJsonPretty
[2025-06-19 14:45:57] cpg.method.fullName("<operator>.indirection").toJsonPretty
[2025-06-19 14:45:57] cpg.method.fullName("<operator>.notEquals").toJsonPretty
[2025-06-19 14:45:57] cpg.method.fullName("close").toJsonPretty
[2025-06-19 14:45:57] cpg.method.fullName("close").parameter.toJsonPretty
[2025-06-19 14:45:57] cpg.method.fullName("execl").toJsonPretty
[2025-06-19 14:45:57] cpg.method.fullName("execl").parameter.toJsonPretty
[2025-06-19 14:45:57] cpg.method.fullName("strcat").toJsonPretty
[2025-06-19 14:45:57] cpg.method.fullName("strcat").parameter.toJsonPretty
[2025-06-19 14:45:57] cpg.method.fullName("srand").toJsonPretty
[2025-06-19 14:45:57] cpg.method.fullName("srand").parameter.toJsonPretty
[2025-06-19 14:45:58] cpg.method.fullName("time").toJsonPretty
[2025-06-19 14:45:58] cpg.method.fullName("time").parameter.toJsonPretty
[2025-06-19 14:48:05] 1 + 1
[2025-06-19 14:48:05] import io.joern.dataflowengineoss.*
[2025-06-19 14:50:03] cpg.methodParameterIn.where(_.method.fullName("execl")).index(1).l.reachableByDetailed(cpg.call.where(_.methodFullName("recv")).argument(1).ast.l).toJsonPretty
[2025-06-19 14:50:03] cpg.methodParameterIn.where(_.method.fullName("execl")).index(2).l.reachableByDetailed(cpg.call.where(_.methodFullName("recv")).argument(1).ast.l).toJsonPretty
[2025-06-19 14:56:46] importCode("/home/nstl/data/CPGvulnHunter/test/test_case/juliet/output/CWE78_OS_Command_Injection/s01/CWE78_OS_Command_Injection__char_connect_socket_execl_01")
[2025-06-19 14:56:48] cpg.method.fullName.toJsonPretty
[2025-06-19 14:56:48] cpg.method.fullName("CWE78_OS_Command_Injection__char_connect_socket_execl_01.c:<global>").toJsonPretty
[2025-06-19 14:56:48] cpg.method.fullName("CWE78_OS_Command_Injection__char_connect_socket_execl_01_bad").toJsonPretty
[2025-06-19 14:56:48] cpg.method.fullName("goodG2B").toJsonPretty
[2025-06-19 14:56:48] cpg.method.fullName("CWE78_OS_Command_Injection__char_connect_socket_execl_01_good").toJsonPretty
[2025-06-19 14:56:48] cpg.method.fullName("main").toJsonPretty
[2025-06-19 14:56:48] cpg.method.fullName("<includes>:<global>").toJsonPretty
[2025-06-19 14:56:48] cpg.method.fullName("printLongLongLine").toJsonPretty
[2025-06-19 14:56:48] cpg.method.fullName("printHexCharLine").toJsonPretty
[2025-06-19 14:56:49] cpg.method.fullName("printWcharLine").toJsonPretty
[2025-06-19 14:56:49] cpg.method.fullName("printBytesLine").toJsonPretty
[2025-06-19 14:56:49] cpg.method.fullName("printShortLine").toJsonPretty
[2025-06-19 14:56:49] cpg.method.fullName("printLongLine").toJsonPretty
[2025-06-19 14:56:49] cpg.method.fullName("printFloatLine").toJsonPretty
[2025-06-19 14:56:49] cpg.method.fullName("printLine").toJsonPretty
[2025-06-19 14:56:49] cpg.method.fullName("decodeHexChars").toJsonPretty
[2025-06-19 14:56:49] cpg.method.fullName("printUnsignedLine").toJsonPretty
[2025-06-19 14:56:49] cpg.method.fullName("printHexUnsignedCharLine").toJsonPretty
[2025-06-19 14:56:49] cpg.method.fullName("globalReturnsTrueOrFalse").toJsonPretty
[2025-06-19 14:56:49] cpg.method.fullName("globalReturnsFalse").toJsonPretty
[2025-06-19 14:56:49] cpg.method.fullName("globalReturnsTrue").toJsonPretty
[2025-06-19 14:56:49] cpg.method.fullName("printSizeTLine").toJsonPretty
[2025-06-19 14:56:49] cpg.method.fullName("printIntLine").toJsonPretty
[2025-06-19 14:56:49] cpg.method.fullName("printStructLine").toJsonPretty
[2025-06-19 14:56:49] cpg.method.fullName("decodeHexWChars").toJsonPretty
[2025-06-19 14:56:49] cpg.method.fullName("printWLine").toJsonPretty
[2025-06-19 14:56:49] cpg.method.fullName("printDoubleLine").toJsonPretty
[2025-06-19 14:56:49] cpg.method.fullName("<operator>.assignment").toJsonPretty
[2025-06-19 14:56:49] cpg.method.fullName("<operator>.alloc").toJsonPretty
[2025-06-19 14:56:49] cpg.method.fullName("<operator>.minus").toJsonPretty
[2025-06-19 14:56:49] cpg.method.fullName("strlen").toJsonPretty
[2025-06-19 14:56:49] cpg.method.fullName("strlen").parameter.toJsonPretty
[2025-06-19 14:56:49] cpg.method.fullName("socket").toJsonPretty
[2025-06-19 14:56:49] cpg.method.fullName("socket").parameter.toJsonPretty
[2025-06-19 14:56:49] cpg.method.fullName("<operator>.equals").toJsonPretty
[2025-06-19 14:56:50] cpg.method.fullName("memset").toJsonPretty
[2025-06-19 14:56:50] cpg.method.fullName("memset").parameter.toJsonPretty
[2025-06-19 14:56:50] cpg.method.fullName("<operator>.addressOf").toJsonPretty
[2025-06-19 14:56:50] cpg.method.fullName("<operator>.sizeOf").toJsonPretty
[2025-06-19 14:56:50] cpg.method.fullName("<operator>.fieldAccess").toJsonPretty
[2025-06-19 14:56:50] cpg.method.fullName("inet_addr").toJsonPretty
[2025-06-19 14:56:50] cpg.method.fullName("inet_addr").parameter.toJsonPretty
[2025-06-19 14:56:50] cpg.method.fullName("htons").toJsonPretty
[2025-06-19 14:56:50] cpg.method.fullName("htons").parameter.toJsonPretty
[2025-06-19 14:56:50] cpg.method.fullName("connect").toJsonPretty
[2025-06-19 14:56:50] cpg.method.fullName("connect").parameter.toJsonPretty
[2025-06-19 14:56:50] cpg.method.fullName("<operator>.cast").toJsonPretty
[2025-06-19 14:56:50] cpg.method.fullName("recv").toJsonPretty
[2025-06-19 14:56:50] cpg.method.fullName("recv").parameter.toJsonPretty
[2025-06-19 14:56:50] cpg.method.fullName("<operator>.addition").toJsonPretty
[2025-06-19 14:56:50] cpg.method.fullName("<operator>.multiplication").toJsonPretty
[2025-06-19 14:56:50] cpg.method.fullName("<operator>.subtraction").toJsonPretty
[2025-06-19 14:56:50] cpg.method.fullName("<operator>.logicalOr").toJsonPretty
[2025-06-19 14:56:50] cpg.method.fullName("<operator>.indirectIndexAccess").toJsonPretty
[2025-06-19 14:56:50] cpg.method.fullName("<operator>.division").toJsonPretty
[2025-06-19 14:56:51] cpg.method.fullName("strchr").toJsonPretty
[2025-06-19 14:56:51] cpg.method.fullName("strchr").parameter.toJsonPretty
[2025-06-19 14:56:51] cpg.method.fullName("<operator>.indirection").toJsonPretty
[2025-06-19 14:56:51] cpg.method.fullName("<operator>.notEquals").toJsonPretty
[2025-06-19 14:56:51] cpg.method.fullName("close").toJsonPretty
[2025-06-19 14:56:51] cpg.method.fullName("close").parameter.toJsonPretty
[2025-06-19 14:56:51] cpg.method.fullName("execl").toJsonPretty
[2025-06-19 14:56:51] cpg.method.fullName("execl").parameter.toJsonPretty
[2025-06-19 14:56:51] cpg.method.fullName("strcat").toJsonPretty
[2025-06-19 14:56:51] cpg.method.fullName("strcat").parameter.toJsonPretty
[2025-06-19 14:56:51] cpg.method.fullName("srand").toJsonPretty
[2025-06-19 14:56:51] cpg.method.fullName("srand").parameter.toJsonPretty
[2025-06-19 14:56:51] cpg.method.fullName("time").toJsonPretty
[2025-06-19 14:56:51] cpg.method.fullName("time").parameter.toJsonPretty
[2025-06-19 14:57:00] 1 + 1
[2025-06-19 14:57:00] import io.joern.dataflowengineoss.*
[2025-06-19 14:58:14] importCode("/home/nstl/data/CPGvulnHunter/test/test_case/juliet/output/CWE78_OS_Command_Injection/s01/CWE78_OS_Command_Injection__char_connect_socket_execl_01")
[2025-06-19 14:58:16] cpg.method.fullName.toJsonPretty
[2025-06-19 14:58:16] cpg.method.fullName("CWE78_OS_Command_Injection__char_connect_socket_execl_01.c:<global>").toJsonPretty
[2025-06-19 14:58:16] cpg.method.fullName("CWE78_OS_Command_Injection__char_connect_socket_execl_01_bad").toJsonPretty
[2025-06-19 14:58:16] cpg.method.fullName("goodG2B").toJsonPretty
[2025-06-19 14:58:16] cpg.method.fullName("CWE78_OS_Command_Injection__char_connect_socket_execl_01_good").toJsonPretty
[2025-06-19 14:58:16] cpg.method.fullName("main").toJsonPretty
[2025-06-19 14:58:16] cpg.method.fullName("<includes>:<global>").toJsonPretty
[2025-06-19 14:58:16] cpg.method.fullName("printLongLongLine").toJsonPretty
[2025-06-19 14:58:16] cpg.method.fullName("printHexCharLine").toJsonPretty
[2025-06-19 14:58:16] cpg.method.fullName("printWcharLine").toJsonPretty
[2025-06-19 14:58:16] cpg.method.fullName("printBytesLine").toJsonPretty
[2025-06-19 14:58:16] cpg.method.fullName("printShortLine").toJsonPretty
[2025-06-19 14:58:16] cpg.method.fullName("printLongLine").toJsonPretty
[2025-06-19 14:58:16] cpg.method.fullName("printFloatLine").toJsonPretty
[2025-06-19 14:58:16] cpg.method.fullName("printLine").toJsonPretty
[2025-06-19 14:58:16] cpg.method.fullName("decodeHexChars").toJsonPretty
[2025-06-19 14:58:16] cpg.method.fullName("printUnsignedLine").toJsonPretty
[2025-06-19 14:58:16] cpg.method.fullName("printHexUnsignedCharLine").toJsonPretty
[2025-06-19 14:58:16] cpg.method.fullName("globalReturnsTrueOrFalse").toJsonPretty
[2025-06-19 14:58:17] cpg.method.fullName("globalReturnsFalse").toJsonPretty
[2025-06-19 14:58:17] cpg.method.fullName("globalReturnsTrue").toJsonPretty
[2025-06-19 14:58:17] cpg.method.fullName("printSizeTLine").toJsonPretty
[2025-06-19 14:58:17] cpg.method.fullName("printIntLine").toJsonPretty
[2025-06-19 14:58:17] cpg.method.fullName("printStructLine").toJsonPretty
[2025-06-19 14:58:17] cpg.method.fullName("decodeHexWChars").toJsonPretty
[2025-06-19 14:58:17] cpg.method.fullName("printWLine").toJsonPretty
[2025-06-19 14:58:17] cpg.method.fullName("printDoubleLine").toJsonPretty
[2025-06-19 14:58:17] cpg.method.fullName("<operator>.assignment").toJsonPretty
[2025-06-19 14:58:17] cpg.method.fullName("<operator>.alloc").toJsonPretty
[2025-06-19 14:58:17] cpg.method.fullName("<operator>.minus").toJsonPretty
[2025-06-19 14:58:17] cpg.method.fullName("strlen").toJsonPretty
[2025-06-19 14:58:17] cpg.method.fullName("strlen").parameter.toJsonPretty
[2025-06-19 14:58:17] cpg.method.fullName("socket").toJsonPretty
[2025-06-19 14:58:17] cpg.method.fullName("socket").parameter.toJsonPretty
[2025-06-19 14:58:17] cpg.method.fullName("<operator>.equals").toJsonPretty
[2025-06-19 14:58:17] cpg.method.fullName("memset").toJsonPretty
[2025-06-19 14:58:17] cpg.method.fullName("memset").parameter.toJsonPretty
[2025-06-19 14:58:17] cpg.method.fullName("<operator>.addressOf").toJsonPretty
[2025-06-19 14:58:17] cpg.method.fullName("<operator>.sizeOf").toJsonPretty
[2025-06-19 14:58:17] cpg.method.fullName("<operator>.fieldAccess").toJsonPretty
[2025-06-19 14:58:17] cpg.method.fullName("inet_addr").toJsonPretty
[2025-06-19 14:58:17] cpg.method.fullName("inet_addr").parameter.toJsonPretty
[2025-06-19 14:58:17] cpg.method.fullName("htons").toJsonPretty
[2025-06-19 14:58:17] cpg.method.fullName("htons").parameter.toJsonPretty
[2025-06-19 14:58:18] cpg.method.fullName("connect").toJsonPretty
[2025-06-19 14:58:18] cpg.method.fullName("connect").parameter.toJsonPretty
[2025-06-19 14:58:18] cpg.method.fullName("<operator>.cast").toJsonPretty
[2025-06-19 14:58:18] cpg.method.fullName("recv").toJsonPretty
[2025-06-19 14:58:18] cpg.method.fullName("recv").parameter.toJsonPretty
[2025-06-19 14:58:18] cpg.method.fullName("<operator>.addition").toJsonPretty
[2025-06-19 14:58:18] cpg.method.fullName("<operator>.multiplication").toJsonPretty
[2025-06-19 14:58:18] cpg.method.fullName("<operator>.subtraction").toJsonPretty
[2025-06-19 14:58:18] cpg.method.fullName("<operator>.logicalOr").toJsonPretty
[2025-06-19 14:58:18] cpg.method.fullName("<operator>.indirectIndexAccess").toJsonPretty
[2025-06-19 14:58:18] cpg.method.fullName("<operator>.division").toJsonPretty
[2025-06-19 14:58:18] cpg.method.fullName("strchr").toJsonPretty
[2025-06-19 14:58:18] cpg.method.fullName("strchr").parameter.toJsonPretty
[2025-06-19 14:58:18] cpg.method.fullName("<operator>.indirection").toJsonPretty
[2025-06-19 14:58:18] cpg.method.fullName("<operator>.notEquals").toJsonPretty
[2025-06-19 14:58:18] cpg.method.fullName("close").toJsonPretty
[2025-06-19 14:58:18] cpg.method.fullName("close").parameter.toJsonPretty
[2025-06-19 14:58:18] cpg.method.fullName("execl").toJsonPretty
[2025-06-19 14:58:18] cpg.method.fullName("execl").parameter.toJsonPretty
[2025-06-19 14:58:18] cpg.method.fullName("strcat").toJsonPretty
[2025-06-19 14:58:18] cpg.method.fullName("strcat").parameter.toJsonPretty
[2025-06-19 14:58:18] cpg.method.fullName("srand").toJsonPretty
[2025-06-19 14:58:18] cpg.method.fullName("srand").parameter.toJsonPretty
[2025-06-19 14:58:18] cpg.method.fullName("time").toJsonPretty
[2025-06-19 14:58:18] cpg.method.fullName("time").parameter.toJsonPretty
[2025-06-19 15:00:14] 1 + 1
[2025-06-19 15:00:14] import io.joern.dataflowengineoss.*
[2025-06-19 15:02:15] cpg.methodParameterIn.where(_.method.fullName("execl")).index(1).l.reachableByDetailed(cpg.call.where(_.methodFullName("recv")).argument(1).ast.l).toJsonPretty
[2025-06-19 15:02:16] cpg.methodParameterIn.where(_.method.fullName("execl")).index(2).l.reachableByDetailed(cpg.call.where(_.methodFullName("recv")).argument(1).ast.l).toJsonPretty
[2025-06-22 14:25:03] importCode("/home/nstl/data/CPGvulnHunter/test/test_case/juliet/output/CWE78_OS_Command_Injection/s01/CWE78_OS_Command_Injection__char_connect_socket_execl_01")
[2025-06-22 14:25:03] cpg.method.fullName.toJsonPretty
[2025-06-22 14:26:16] importCode("/home/nstl/data/CPGvulnHunter/test/test_case/juliet/output/CWE78_OS_Command_Injection/s01/CWE78_OS_Command_Injection__char_connect_socket_execl_01")
[2025-06-22 14:26:16] cpg.method.fullName.toJsonPretty
[2025-06-22 14:26:56] importCode("/home/nstl/data/CPGvulnHunter/test/test_case/juliet/output/CWE78_OS_Command_Injection/s01/CWE78_OS_Command_Injection__char_connect_socket_execl_01")
[2025-06-22 14:28:15] importCode("/home/nstl/data/CPGvulnHunter/test/test_case/juliet/output/CWE78_OS_Command_Injection/s01/CWE78_OS_Command_Injection__char_connect_socket_execl_01")
[2025-06-22 14:28:15] cpg.method.fullName.toJsonPretty
[2025-06-22 14:29:23] importCode("/home/nstl/data/CPGvulnHunter/test/test_case/juliet/output/CWE78_OS_Command_Injection/s01/CWE78_OS_Command_Injection__char_connect_socket_execl_01")
[2025-06-22 14:29:23] cpg.method.fullName.toJsonPretty
[2025-06-22 14:30:23] importCode("/home/nstl/data/CPGvulnHunter/test/test_case/juliet/output/CWE78_OS_Command_Injection/s01/CWE78_OS_Command_Injection__char_connect_socket_execl_01")
[2025-06-22 14:30:25] cpg.method.fullName.toJsonPretty
[2025-06-22 14:30:26] cpg.method.fullName("CWE78_OS_Command_Injection__char_connect_socket_execl_01.c:<global>").toJsonPretty
[2025-06-22 14:32:38] importCode("/home/nstl/data/CPGvulnHunter/test/test_case/juliet/output/CWE78_OS_Command_Injection/s01/CWE78_OS_Command_Injection__char_connect_socket_execl_01")
[2025-06-22 14:32:40] cpg.method.fullName.toJsonPretty
[2025-06-22 14:32:40] cpg.method.fullName("CWE78_OS_Command_Injection__char_connect_socket_execl_01.c:<global>").toJsonPretty
[2025-06-22 14:32:40] cpg.method.fullName("CWE78_OS_Command_Injection__char_connect_socket_execl_01_bad").toJsonPretty
[2025-06-22 14:32:40] cpg.method.fullName("goodG2B").toJsonPretty
[2025-06-22 14:32:41] cpg.method.fullName("CWE78_OS_Command_Injection__char_connect_socket_execl_01_good").toJsonPretty
[2025-06-22 14:32:41] cpg.method.fullName("main").toJsonPretty
[2025-06-22 14:32:41] cpg.method.fullName("<includes>:<global>").toJsonPretty
[2025-06-22 14:32:41] cpg.method.fullName("printLongLongLine").toJsonPretty
[2025-06-22 14:32:41] cpg.method.fullName("printHexCharLine").toJsonPretty
[2025-06-22 14:32:41] cpg.method.fullName("printWcharLine").toJsonPretty
[2025-06-22 14:32:41] cpg.method.fullName("printBytesLine").toJsonPretty
[2025-06-22 14:32:41] cpg.method.fullName("printShortLine").toJsonPretty
[2025-06-22 14:32:41] cpg.method.fullName("printLongLine").toJsonPretty
[2025-06-22 14:32:41] cpg.method.fullName("printFloatLine").toJsonPretty
[2025-06-22 14:32:41] cpg.method.fullName("printLine").toJsonPretty
[2025-06-22 14:32:41] cpg.method.fullName("decodeHexChars").toJsonPretty
[2025-06-22 14:32:42] cpg.method.fullName("printUnsignedLine").toJsonPretty
[2025-06-22 14:32:42] cpg.method.fullName("printHexUnsignedCharLine").toJsonPretty
[2025-06-22 14:32:42] cpg.method.fullName("globalReturnsTrueOrFalse").toJsonPretty
[2025-06-22 14:32:42] cpg.method.fullName("globalReturnsFalse").toJsonPretty
[2025-06-22 14:32:42] cpg.method.fullName("globalReturnsTrue").toJsonPretty
[2025-06-22 14:32:42] cpg.method.fullName("printSizeTLine").toJsonPretty
[2025-06-22 14:32:42] cpg.method.fullName("printIntLine").toJsonPretty
[2025-06-22 14:32:42] cpg.method.fullName("printStructLine").toJsonPretty
[2025-06-22 14:32:42] cpg.method.fullName("decodeHexWChars").toJsonPretty
[2025-06-22 14:32:43] cpg.method.fullName("printWLine").toJsonPretty
[2025-06-22 14:32:43] cpg.method.fullName("printDoubleLine").toJsonPretty
[2025-06-22 14:32:43] cpg.method.fullName("<operator>.assignment").toJsonPretty
[2025-06-22 14:32:43] cpg.method.fullName("<operator>.alloc").toJsonPretty
[2025-06-22 14:32:43] cpg.method.fullName("<operator>.minus").toJsonPretty
[2025-06-22 14:32:43] cpg.method.fullName("strlen").toJsonPretty
[2025-06-22 14:32:43] cpg.method.fullName("strlen").parameter.toJsonPretty
[2025-06-22 14:34:19] cpg.method.fullName("socket").toJsonPretty
[2025-06-22 14:34:19] cpg.method.fullName("socket").parameter.toJsonPretty
[2025-06-22 14:34:39] cpg.method.fullName("<operator>.equals").toJsonPretty
[2025-06-22 14:34:39] cpg.method.fullName("memset").toJsonPretty
[2025-06-22 14:34:39] cpg.method.fullName("memset").parameter.toJsonPretty
[2025-06-22 14:41:00] importCode("/home/nstl/data/CPGvulnHunter/test/test_case/juliet/output/CWE78_OS_Command_Injection/s01/CWE78_OS_Command_Injection__char_connect_socket_execl_01")
[2025-06-22 14:41:02] cpg.method.fullName.toJsonPretty
[2025-06-22 14:41:02] cpg.method.fullName("CWE78_OS_Command_Injection__char_connect_socket_execl_01.c:<global>").toJsonPretty
[2025-06-22 14:41:02] cpg.method.fullName("CWE78_OS_Command_Injection__char_connect_socket_execl_01_bad").toJsonPretty
[2025-06-22 14:41:02] cpg.method.fullName("goodG2B").toJsonPretty
[2025-06-22 14:41:02] cpg.method.fullName("CWE78_OS_Command_Injection__char_connect_socket_execl_01_good").toJsonPretty
[2025-06-22 14:41:02] cpg.method.fullName("main").toJsonPretty
[2025-06-22 14:41:03] cpg.method.fullName("<includes>:<global>").toJsonPretty
[2025-06-22 14:41:03] cpg.method.fullName("printLongLongLine").toJsonPretty
[2025-06-22 14:41:03] cpg.method.fullName("printHexCharLine").toJsonPretty
[2025-06-22 14:41:03] cpg.method.fullName("printWcharLine").toJsonPretty
[2025-06-22 14:41:03] cpg.method.fullName("printBytesLine").toJsonPretty
[2025-06-22 14:41:03] cpg.method.fullName("printShortLine").toJsonPretty
[2025-06-22 14:41:03] cpg.method.fullName("printLongLine").toJsonPretty
[2025-06-22 14:41:03] cpg.method.fullName("printFloatLine").toJsonPretty
[2025-06-22 14:41:03] cpg.method.fullName("printLine").toJsonPretty
[2025-06-22 14:41:03] cpg.method.fullName("decodeHexChars").toJsonPretty
[2025-06-22 14:41:03] cpg.method.fullName("printUnsignedLine").toJsonPretty
[2025-06-22 14:41:03] cpg.method.fullName("printHexUnsignedCharLine").toJsonPretty
[2025-06-22 14:41:03] cpg.method.fullName("globalReturnsTrueOrFalse").toJsonPretty
[2025-06-22 14:41:03] cpg.method.fullName("globalReturnsFalse").toJsonPretty
[2025-06-22 14:41:04] cpg.method.fullName("globalReturnsTrue").toJsonPretty
[2025-06-22 14:41:04] cpg.method.fullName("printSizeTLine").toJsonPretty
[2025-06-22 14:41:04] cpg.method.fullName("printIntLine").toJsonPretty
[2025-06-22 14:41:04] cpg.method.fullName("printStructLine").toJsonPretty
[2025-06-22 14:41:04] cpg.method.fullName("decodeHexWChars").toJsonPretty
[2025-06-22 14:41:04] cpg.method.fullName("printWLine").toJsonPretty
[2025-06-22 14:41:04] cpg.method.fullName("printDoubleLine").toJsonPretty
[2025-06-22 14:41:04] cpg.method.fullName("<operator>.assignment").toJsonPretty
[2025-06-22 14:41:04] cpg.method.fullName("<operator>.alloc").toJsonPretty
[2025-06-22 14:41:04] cpg.method.fullName("<operator>.minus").toJsonPretty
[2025-06-22 14:41:04] cpg.method.fullName("strlen").toJsonPretty
[2025-06-22 14:41:04] cpg.method.fullName("strlen").parameter.toJsonPretty
[2025-06-22 14:41:20] cpg.method.fullName("strlen").callIn.astParent.code.toJsonPretty
[2025-06-22 14:42:39] cpg.method.fullName("socket").toJsonPretty
[2025-06-22 14:42:39] cpg.method.fullName("socket").parameter.toJsonPretty
[2025-06-22 14:42:39] cpg.method.fullName("socket").callIn.astParent.code.toJsonPretty
[2025-06-22 14:42:40] cpg.method.fullName("<operator>.equals").toJsonPretty
[2025-06-22 14:42:40] cpg.method.fullName("memset").toJsonPretty
[2025-06-22 14:42:40] cpg.method.fullName("memset").parameter.toJsonPretty
[2025-06-22 14:42:40] cpg.method.fullName("memset").callIn.astParent.code.toJsonPretty
[2025-06-22 14:42:40] cpg.method.fullName("<operator>.addressOf").toJsonPretty
[2025-06-22 14:42:40] cpg.method.fullName("<operator>.sizeOf").toJsonPretty
[2025-06-22 14:42:40] cpg.method.fullName("<operator>.fieldAccess").toJsonPretty
[2025-06-22 14:42:40] cpg.method.fullName("inet_addr").toJsonPretty
[2025-06-22 14:42:40] cpg.method.fullName("inet_addr").parameter.toJsonPretty
[2025-06-22 14:42:40] cpg.method.fullName("inet_addr").callIn.astParent.code.toJsonPretty
[2025-06-22 14:42:40] cpg.method.fullName("htons").toJsonPretty
[2025-06-22 14:42:40] cpg.method.fullName("htons").parameter.toJsonPretty
[2025-06-22 14:42:40] cpg.method.fullName("htons").callIn.astParent.code.toJsonPretty
[2025-06-22 14:42:40] cpg.method.fullName("connect").toJsonPretty
[2025-06-22 14:42:40] cpg.method.fullName("connect").parameter.toJsonPretty
[2025-06-22 14:42:41] cpg.method.fullName("connect").callIn.astParent.code.toJsonPretty
[2025-06-22 14:42:41] cpg.method.fullName("<operator>.cast").toJsonPretty
[2025-06-22 14:42:41] cpg.method.fullName("recv").toJsonPretty
[2025-06-22 14:42:41] cpg.method.fullName("recv").parameter.toJsonPretty
[2025-06-22 14:42:41] cpg.method.fullName("recv").callIn.astParent.code.toJsonPretty
[2025-06-22 14:42:41] cpg.method.fullName("<operator>.addition").toJsonPretty
[2025-06-22 14:42:41] cpg.method.fullName("<operator>.multiplication").toJsonPretty
[2025-06-22 14:42:41] cpg.method.fullName("<operator>.subtraction").toJsonPretty
[2025-06-22 14:42:41] cpg.method.fullName("<operator>.logicalOr").toJsonPretty
[2025-06-22 14:42:41] cpg.method.fullName("<operator>.indirectIndexAccess").toJsonPretty
[2025-06-22 14:42:41] cpg.method.fullName("<operator>.division").toJsonPretty
[2025-06-22 14:42:41] cpg.method.fullName("strchr").toJsonPretty
[2025-06-22 14:42:41] cpg.method.fullName("strchr").parameter.toJsonPretty
[2025-06-22 14:42:41] cpg.method.fullName("strchr").callIn.astParent.code.toJsonPretty
[2025-06-22 14:42:41] cpg.method.fullName("<operator>.indirection").toJsonPretty
[2025-06-22 14:42:42] cpg.method.fullName("<operator>.notEquals").toJsonPretty
[2025-06-22 14:42:42] cpg.method.fullName("close").toJsonPretty
[2025-06-22 14:42:42] cpg.method.fullName("close").parameter.toJsonPretty
[2025-06-22 14:42:42] cpg.method.fullName("close").callIn.astParent.code.toJsonPretty
[2025-06-22 14:42:42] cpg.method.fullName("execl").toJsonPretty
[2025-06-22 14:42:42] cpg.method.fullName("execl").parameter.toJsonPretty
[2025-06-22 14:42:42] cpg.method.fullName("execl").callIn.astParent.code.toJsonPretty
[2025-06-22 14:42:42] cpg.method.fullName("strcat").toJsonPretty
[2025-06-22 14:42:42] cpg.method.fullName("strcat").parameter.toJsonPretty
[2025-06-22 14:42:42] cpg.method.fullName("strcat").callIn.astParent.code.toJsonPretty
[2025-06-22 14:42:42] cpg.method.fullName("srand").toJsonPretty
[2025-06-22 14:42:42] cpg.method.fullName("srand").parameter.toJsonPretty
[2025-06-22 14:42:43] cpg.method.fullName("srand").callIn.astParent.code.toJsonPretty
[2025-06-22 14:42:43] cpg.method.fullName("time").toJsonPretty
[2025-06-22 14:42:43] cpg.method.fullName("time").parameter.toJsonPretty
[2025-06-22 14:42:43] cpg.method.fullName("time").callIn.astParent.code.toJsonPretty
[2025-06-22 14:44:24] 1 + 1
[2025-06-22 14:44:24] import io.joern.dataflowengineoss.*
[2025-06-22 15:14:20] importCode("/home/nstl/data/CPGvulnHunter/test/test_case/juliet/output/CWE78_OS_Command_Injection/s01/CWE78_OS_Command_Injection__char_connect_socket_execl_01")
[2025-06-22 15:14:22] cpg.method.fullName.toJsonPretty
[2025-06-22 15:14:22] cpg.method.fullName("CWE78_OS_Command_Injection__char_connect_socket_execl_01.c:<global>").toJsonPretty
[2025-06-22 15:14:22] cpg.method.fullName("CWE78_OS_Command_Injection__char_connect_socket_execl_01_bad").toJsonPretty
[2025-06-22 15:14:22] cpg.method.fullName("goodG2B").toJsonPretty
[2025-06-22 15:14:22] cpg.method.fullName("CWE78_OS_Command_Injection__char_connect_socket_execl_01_good").toJsonPretty
[2025-06-22 15:14:22] cpg.method.fullName("main").toJsonPretty
[2025-06-22 15:14:22] cpg.method.fullName("<includes>:<global>").toJsonPretty
[2025-06-22 15:14:22] cpg.method.fullName("printLongLongLine").toJsonPretty
[2025-06-22 15:14:22] cpg.method.fullName("printHexCharLine").toJsonPretty
[2025-06-22 15:14:22] cpg.method.fullName("printWcharLine").toJsonPretty
[2025-06-22 15:14:22] cpg.method.fullName("printBytesLine").toJsonPretty
[2025-06-22 15:14:22] cpg.method.fullName("printShortLine").toJsonPretty
[2025-06-22 15:14:22] cpg.method.fullName("printLongLine").toJsonPretty
[2025-06-22 15:14:22] cpg.method.fullName("printFloatLine").toJsonPretty
[2025-06-22 15:14:22] cpg.method.fullName("printLine").toJsonPretty
[2025-06-22 15:14:22] cpg.method.fullName("decodeHexChars").toJsonPretty
[2025-06-22 15:14:22] cpg.method.fullName("printUnsignedLine").toJsonPretty
[2025-06-22 15:14:22] cpg.method.fullName("printHexUnsignedCharLine").toJsonPretty
[2025-06-22 15:14:23] cpg.method.fullName("globalReturnsTrueOrFalse").toJsonPretty
[2025-06-22 15:14:23] cpg.method.fullName("globalReturnsFalse").toJsonPretty
[2025-06-22 15:14:23] cpg.method.fullName("globalReturnsTrue").toJsonPretty
[2025-06-22 15:14:23] cpg.method.fullName("printSizeTLine").toJsonPretty
[2025-06-22 15:14:23] cpg.method.fullName("printIntLine").toJsonPretty
[2025-06-22 15:14:23] cpg.method.fullName("printStructLine").toJsonPretty
[2025-06-22 15:14:23] cpg.method.fullName("decodeHexWChars").toJsonPretty
[2025-06-22 15:14:23] cpg.method.fullName("printWLine").toJsonPretty
[2025-06-22 15:14:23] cpg.method.fullName("printDoubleLine").toJsonPretty
[2025-06-22 15:14:23] cpg.method.fullName("<operator>.assignment").toJsonPretty
[2025-06-22 15:14:23] cpg.method.fullName("<operator>.alloc").toJsonPretty
[2025-06-22 15:14:23] cpg.method.fullName("<operator>.minus").toJsonPretty
[2025-06-22 15:14:23] cpg.method.fullName("strlen").toJsonPretty
[2025-06-22 15:14:23] cpg.method.fullName("strlen").parameter.toJsonPretty
[2025-06-22 15:14:23] cpg.method.fullName("strlen").callIn.astParent.code.toJsonPretty
[2025-06-22 15:14:23] cpg.method.fullName("socket").toJsonPretty
[2025-06-22 15:14:23] cpg.method.fullName("socket").parameter.toJsonPretty
[2025-06-22 15:14:23] cpg.method.fullName("socket").callIn.astParent.code.toJsonPretty
[2025-06-22 15:14:24] cpg.method.fullName("<operator>.equals").toJsonPretty
[2025-06-22 15:14:24] cpg.method.fullName("memset").toJsonPretty
[2025-06-22 15:14:24] cpg.method.fullName("memset").parameter.toJsonPretty
[2025-06-22 15:14:24] cpg.method.fullName("memset").callIn.astParent.code.toJsonPretty
[2025-06-22 15:14:24] cpg.method.fullName("<operator>.addressOf").toJsonPretty
[2025-06-22 15:14:24] cpg.method.fullName("<operator>.sizeOf").toJsonPretty
[2025-06-22 15:14:24] cpg.method.fullName("<operator>.fieldAccess").toJsonPretty
[2025-06-22 15:14:24] cpg.method.fullName("inet_addr").toJsonPretty
[2025-06-22 15:14:24] cpg.method.fullName("inet_addr").parameter.toJsonPretty
[2025-06-22 15:14:24] cpg.method.fullName("inet_addr").callIn.astParent.code.toJsonPretty
[2025-06-22 15:14:24] cpg.method.fullName("htons").toJsonPretty
[2025-06-22 15:14:24] cpg.method.fullName("htons").parameter.toJsonPretty
[2025-06-22 15:14:24] cpg.method.fullName("htons").callIn.astParent.code.toJsonPretty
[2025-06-22 15:14:24] cpg.method.fullName("connect").toJsonPretty
[2025-06-22 15:14:24] cpg.method.fullName("connect").parameter.toJsonPretty
[2025-06-22 15:14:24] cpg.method.fullName("connect").callIn.astParent.code.toJsonPretty
[2025-06-22 15:14:24] cpg.method.fullName("<operator>.cast").toJsonPretty
[2025-06-22 15:14:24] cpg.method.fullName("recv").toJsonPretty
[2025-06-22 15:14:25] cpg.method.fullName("recv").parameter.toJsonPretty
[2025-06-22 15:14:25] cpg.method.fullName("recv").callIn.astParent.code.toJsonPretty
[2025-06-22 15:14:25] cpg.method.fullName("<operator>.addition").toJsonPretty
[2025-06-22 15:14:25] cpg.method.fullName("<operator>.multiplication").toJsonPretty
[2025-06-22 15:14:25] cpg.method.fullName("<operator>.subtraction").toJsonPretty
[2025-06-22 15:14:25] cpg.method.fullName("<operator>.logicalOr").toJsonPretty
[2025-06-22 15:14:25] cpg.method.fullName("<operator>.indirectIndexAccess").toJsonPretty
[2025-06-22 15:14:25] cpg.method.fullName("<operator>.division").toJsonPretty
[2025-06-22 15:14:25] cpg.method.fullName("strchr").toJsonPretty
[2025-06-22 15:14:25] cpg.method.fullName("strchr").parameter.toJsonPretty
[2025-06-22 15:14:25] cpg.method.fullName("strchr").callIn.astParent.code.toJsonPretty
[2025-06-22 15:14:25] cpg.method.fullName("<operator>.indirection").toJsonPretty
[2025-06-22 15:14:25] cpg.method.fullName("<operator>.notEquals").toJsonPretty
[2025-06-22 15:14:25] cpg.method.fullName("close").toJsonPretty
[2025-06-22 15:14:25] cpg.method.fullName("close").parameter.toJsonPretty
[2025-06-22 15:14:25] cpg.method.fullName("close").callIn.astParent.code.toJsonPretty
[2025-06-22 15:14:25] cpg.method.fullName("execl").toJsonPretty
[2025-06-22 15:14:25] cpg.method.fullName("execl").parameter.toJsonPretty
[2025-06-22 15:14:25] cpg.method.fullName("execl").callIn.astParent.code.toJsonPretty
[2025-06-22 15:14:26] cpg.method.fullName("strcat").toJsonPretty
[2025-06-22 15:14:26] cpg.method.fullName("strcat").parameter.toJsonPretty
[2025-06-22 15:14:26] cpg.method.fullName("strcat").callIn.astParent.code.toJsonPretty
[2025-06-22 15:14:26] cpg.method.fullName("srand").toJsonPretty
[2025-06-22 15:14:26] cpg.method.fullName("srand").parameter.toJsonPretty
[2025-06-22 15:14:26] cpg.method.fullName("srand").callIn.astParent.code.toJsonPretty
[2025-06-22 15:14:26] cpg.method.fullName("time").toJsonPretty
[2025-06-22 15:14:26] cpg.method.fullName("time").parameter.toJsonPretty
[2025-06-22 15:14:26] cpg.method.fullName("time").callIn.astParent.code.toJsonPretty
[2025-06-22 15:16:16] 1 + 1
[2025-06-22 15:16:16] import io.joern.dataflowengineoss.*
[2025-06-22 15:18:09] cpg.methodParameterIn.where(_.method.fullName("execl")).index(1).l.reachableByDetailed(cpg.call.where(_.methodFullName("recv")).argument(1).ast.l).toJsonPretty
[2025-06-22 15:18:09] cpg.methodParameterIn.where(_.method.fullName("execl")).index(2).l.reachableByDetailed(cpg.call.where(_.methodFullName("recv")).argument(1).ast.l).toJsonPretty
[2025-06-22 15:18:09] cpg.methodParameterIn.where(_.method.fullName("execl")).index(1).l.reachableByDetailed(cpg.call.where(_.methodFullName("strcat")).argument(2).ast.l).toJsonPretty
[2025-06-22 15:18:09] cpg.methodParameterIn.where(_.method.fullName("execl")).index(2).l.reachableByDetailed(cpg.call.where(_.methodFullName("strcat")).argument(2).ast.l).toJsonPretty
[2025-06-22 15:31:43] importCode("/home/nstl/data/CPGvulnHunter/test/test_case/juliet/output/CWE78_OS_Command_Injection/s01/CWE78_OS_Command_Injection__char_connect_socket_execl_01")
[2025-06-22 15:31:44] cpg.method.fullName.toJsonPretty
[2025-06-22 15:31:44] cpg.method.fullName("CWE78_OS_Command_Injection__char_connect_socket_execl_01.c:<global>").toJsonPretty
[2025-06-22 15:31:44] cpg.method.fullName("CWE78_OS_Command_Injection__char_connect_socket_execl_01_bad").toJsonPretty
[2025-06-22 15:31:45] cpg.method.fullName("goodG2B").toJsonPretty
[2025-06-22 15:31:45] cpg.method.fullName("CWE78_OS_Command_Injection__char_connect_socket_execl_01_good").toJsonPretty
[2025-06-22 15:31:45] cpg.method.fullName("main").toJsonPretty
[2025-06-22 15:31:45] cpg.method.fullName("<includes>:<global>").toJsonPretty
[2025-06-22 15:31:45] cpg.method.fullName("printLongLongLine").toJsonPretty
[2025-06-22 15:31:45] cpg.method.fullName("printHexCharLine").toJsonPretty
[2025-06-22 15:31:45] cpg.method.fullName("printWcharLine").toJsonPretty
[2025-06-22 15:31:45] cpg.method.fullName("printBytesLine").toJsonPretty
[2025-06-22 15:31:45] cpg.method.fullName("printShortLine").toJsonPretty
[2025-06-22 15:31:45] cpg.method.fullName("printLongLine").toJsonPretty
[2025-06-22 15:31:45] cpg.method.fullName("printFloatLine").toJsonPretty
[2025-06-22 15:31:45] cpg.method.fullName("printLine").toJsonPretty
[2025-06-22 15:31:45] cpg.method.fullName("decodeHexChars").toJsonPretty
[2025-06-22 15:31:45] cpg.method.fullName("printUnsignedLine").toJsonPretty
[2025-06-22 15:31:45] cpg.method.fullName("printHexUnsignedCharLine").toJsonPretty
[2025-06-22 15:31:45] cpg.method.fullName("globalReturnsTrueOrFalse").toJsonPretty
[2025-06-22 15:31:45] cpg.method.fullName("globalReturnsFalse").toJsonPretty
[2025-06-22 15:31:45] cpg.method.fullName("globalReturnsTrue").toJsonPretty
[2025-06-22 15:31:46] cpg.method.fullName("printSizeTLine").toJsonPretty
[2025-06-22 15:31:46] cpg.method.fullName("printIntLine").toJsonPretty
[2025-06-22 15:31:46] cpg.method.fullName("printStructLine").toJsonPretty
[2025-06-22 15:31:46] cpg.method.fullName("decodeHexWChars").toJsonPretty
[2025-06-22 15:31:46] cpg.method.fullName("printWLine").toJsonPretty
[2025-06-22 15:31:46] cpg.method.fullName("printDoubleLine").toJsonPretty
[2025-06-22 15:31:46] cpg.method.fullName("<operator>.assignment").toJsonPretty
[2025-06-22 15:31:46] cpg.method.fullName("<operator>.alloc").toJsonPretty
[2025-06-22 15:31:46] cpg.method.fullName("<operator>.minus").toJsonPretty
[2025-06-22 15:31:46] cpg.method.fullName("strlen").toJsonPretty
[2025-06-22 15:31:46] cpg.method.fullName("strlen").parameter.toJsonPretty
[2025-06-22 15:31:46] cpg.method.fullName("strlen").callIn.astParent.code.toJsonPretty
[2025-06-22 15:31:46] cpg.method.fullName("socket").toJsonPretty
[2025-06-22 15:31:46] cpg.method.fullName("socket").parameter.toJsonPretty
[2025-06-22 15:31:46] cpg.method.fullName("socket").callIn.astParent.code.toJsonPretty
[2025-06-22 15:31:46] cpg.method.fullName("<operator>.equals").toJsonPretty
[2025-06-22 15:31:46] cpg.method.fullName("memset").toJsonPretty
[2025-06-22 15:31:47] cpg.method.fullName("memset").parameter.toJsonPretty
[2025-06-22 15:31:47] cpg.method.fullName("memset").callIn.astParent.code.toJsonPretty
[2025-06-22 15:31:47] cpg.method.fullName("<operator>.addressOf").toJsonPretty
[2025-06-22 15:31:47] cpg.method.fullName("<operator>.sizeOf").toJsonPretty
[2025-06-22 15:31:47] cpg.method.fullName("<operator>.fieldAccess").toJsonPretty
[2025-06-22 15:31:47] cpg.method.fullName("inet_addr").toJsonPretty
[2025-06-22 15:31:47] cpg.method.fullName("inet_addr").parameter.toJsonPretty
[2025-06-22 15:31:47] cpg.method.fullName("inet_addr").callIn.astParent.code.toJsonPretty
[2025-06-22 15:31:47] cpg.method.fullName("htons").toJsonPretty
[2025-06-22 15:31:47] cpg.method.fullName("htons").parameter.toJsonPretty
[2025-06-22 15:31:47] cpg.method.fullName("htons").callIn.astParent.code.toJsonPretty
[2025-06-22 15:31:47] cpg.method.fullName("connect").toJsonPretty
[2025-06-22 15:31:47] cpg.method.fullName("connect").parameter.toJsonPretty
[2025-06-22 15:31:47] cpg.method.fullName("connect").callIn.astParent.code.toJsonPretty
[2025-06-22 15:31:47] cpg.method.fullName("<operator>.cast").toJsonPretty
[2025-06-22 15:31:47] cpg.method.fullName("recv").toJsonPretty
[2025-06-22 15:31:47] cpg.method.fullName("recv").parameter.toJsonPretty
[2025-06-22 15:31:47] cpg.method.fullName("recv").callIn.astParent.code.toJsonPretty
[2025-06-22 15:31:47] cpg.method.fullName("<operator>.addition").toJsonPretty
[2025-06-22 15:31:48] cpg.method.fullName("<operator>.multiplication").toJsonPretty
[2025-06-22 15:31:48] cpg.method.fullName("<operator>.subtraction").toJsonPretty
[2025-06-22 15:31:48] cpg.method.fullName("<operator>.logicalOr").toJsonPretty
[2025-06-22 15:31:48] cpg.method.fullName("<operator>.indirectIndexAccess").toJsonPretty
[2025-06-22 15:31:48] cpg.method.fullName("<operator>.division").toJsonPretty
[2025-06-22 15:31:48] cpg.method.fullName("strchr").toJsonPretty
[2025-06-22 15:31:48] cpg.method.fullName("strchr").parameter.toJsonPretty
[2025-06-22 15:31:48] cpg.method.fullName("strchr").callIn.astParent.code.toJsonPretty
[2025-06-22 15:31:48] cpg.method.fullName("<operator>.indirection").toJsonPretty
[2025-06-22 15:31:48] cpg.method.fullName("<operator>.notEquals").toJsonPretty
[2025-06-22 15:31:48] cpg.method.fullName("close").toJsonPretty
[2025-06-22 15:31:48] cpg.method.fullName("close").parameter.toJsonPretty
[2025-06-22 15:31:48] cpg.method.fullName("close").callIn.astParent.code.toJsonPretty
[2025-06-22 15:31:48] cpg.method.fullName("execl").toJsonPretty
[2025-06-22 15:31:48] cpg.method.fullName("execl").parameter.toJsonPretty
[2025-06-22 15:31:48] cpg.method.fullName("execl").callIn.astParent.code.toJsonPretty
[2025-06-22 15:31:48] cpg.method.fullName("strcat").toJsonPretty
[2025-06-22 15:31:48] cpg.method.fullName("strcat").parameter.toJsonPretty
[2025-06-22 15:31:48] cpg.method.fullName("strcat").callIn.astParent.code.toJsonPretty
[2025-06-22 15:31:48] cpg.method.fullName("srand").toJsonPretty
[2025-06-22 15:31:49] cpg.method.fullName("srand").parameter.toJsonPretty
[2025-06-22 15:31:49] cpg.method.fullName("srand").callIn.astParent.code.toJsonPretty
[2025-06-22 15:31:49] cpg.method.fullName("time").toJsonPretty
[2025-06-22 15:31:49] cpg.method.fullName("time").parameter.toJsonPretty
[2025-06-22 15:31:49] cpg.method.fullName("time").callIn.astParent.code.toJsonPretty
[2025-06-22 15:31:49] 1 + 1
[2025-06-22 15:31:49] import io.joern.dataflowengineoss.*
[2025-06-22 15:31:49] cpg.methodParameterIn.where(_.method.fullName("execl")).index(1).l.reachableByDetailed(cpg.call.where(_.methodFullName("recv")).argument(1).ast.l).toJsonPretty
[2025-06-22 15:31:49] cpg.methodParameterIn.where(_.method.fullName("execl")).index(2).l.reachableByDetailed(cpg.call.where(_.methodFullName("recv")).argument(1).ast.l).toJsonPretty
[2025-06-22 15:31:49] cpg.methodParameterIn.where(_.method.fullName("execl")).index(1).l.reachableByDetailed(cpg.call.where(_.methodFullName("strcat")).argument(2).ast.l).toJsonPretty
[2025-06-22 15:31:49] cpg.methodParameterIn.where(_.method.fullName("execl")).index(2).l.reachableByDetailed(cpg.call.where(_.methodFullName("strcat")).argument(2).ast.l).toJsonPretty
[2025-06-22 15:32:15] importCode("/home/nstl/data/CPGvulnHunter/test/test_case/juliet/output/CWE78_OS_Command_Injection/s01/CWE78_OS_Command_Injection__char_connect_socket_execl_01")
[2025-06-22 15:32:17] cpg.method.fullName.toJsonPretty
[2025-06-22 15:32:17] cpg.method.fullName("CWE78_OS_Command_Injection__char_connect_socket_execl_01.c:<global>").toJsonPretty
[2025-06-22 15:32:17] cpg.method.fullName("CWE78_OS_Command_Injection__char_connect_socket_execl_01_bad").toJsonPretty
[2025-06-22 15:32:17] cpg.method.fullName("goodG2B").toJsonPretty
[2025-06-22 15:32:17] cpg.method.fullName("CWE78_OS_Command_Injection__char_connect_socket_execl_01_good").toJsonPretty
[2025-06-22 15:32:17] cpg.method.fullName("main").toJsonPretty
[2025-06-22 15:32:17] cpg.method.fullName("<includes>:<global>").toJsonPretty
[2025-06-22 15:32:17] cpg.method.fullName("printLongLongLine").toJsonPretty
[2025-06-22 15:32:17] cpg.method.fullName("printHexCharLine").toJsonPretty
[2025-06-22 15:32:17] cpg.method.fullName("printWcharLine").toJsonPretty
[2025-06-22 15:32:17] cpg.method.fullName("printBytesLine").toJsonPretty
[2025-06-22 15:32:18] cpg.method.fullName("printShortLine").toJsonPretty
[2025-06-22 15:32:18] cpg.method.fullName("printLongLine").toJsonPretty
[2025-06-22 15:32:18] cpg.method.fullName("printFloatLine").toJsonPretty
[2025-06-22 15:32:18] cpg.method.fullName("printLine").toJsonPretty
[2025-06-22 15:32:18] cpg.method.fullName("decodeHexChars").toJsonPretty
[2025-06-22 15:32:18] cpg.method.fullName("printUnsignedLine").toJsonPretty
[2025-06-22 15:32:18] cpg.method.fullName("printHexUnsignedCharLine").toJsonPretty
[2025-06-22 15:32:18] cpg.method.fullName("globalReturnsTrueOrFalse").toJsonPretty
[2025-06-22 15:32:18] cpg.method.fullName("globalReturnsFalse").toJsonPretty
[2025-06-22 15:32:18] cpg.method.fullName("globalReturnsTrue").toJsonPretty
[2025-06-22 15:32:18] cpg.method.fullName("printSizeTLine").toJsonPretty
[2025-06-22 15:32:18] cpg.method.fullName("printIntLine").toJsonPretty
[2025-06-22 15:32:18] cpg.method.fullName("printStructLine").toJsonPretty
[2025-06-22 15:32:18] cpg.method.fullName("decodeHexWChars").toJsonPretty
[2025-06-22 15:32:18] cpg.method.fullName("printWLine").toJsonPretty
[2025-06-22 15:32:18] cpg.method.fullName("printDoubleLine").toJsonPretty
[2025-06-22 15:32:18] cpg.method.fullName("<operator>.assignment").toJsonPretty
[2025-06-22 15:32:18] cpg.method.fullName("<operator>.alloc").toJsonPretty
[2025-06-22 15:32:18] cpg.method.fullName("<operator>.minus").toJsonPretty
[2025-06-22 15:32:18] cpg.method.fullName("strlen").toJsonPretty
[2025-06-22 15:32:18] cpg.method.fullName("strlen").parameter.toJsonPretty
[2025-06-22 15:32:18] cpg.method.fullName("strlen").callIn.astParent.code.toJsonPretty
[2025-06-22 15:32:18] cpg.method.fullName("socket").toJsonPretty
[2025-06-22 15:32:18] cpg.method.fullName("socket").parameter.toJsonPretty
[2025-06-22 15:32:18] cpg.method.fullName("socket").callIn.astParent.code.toJsonPretty
[2025-06-22 15:32:18] cpg.method.fullName("<operator>.equals").toJsonPretty
[2025-06-22 15:32:18] cpg.method.fullName("memset").toJsonPretty
[2025-06-22 15:32:18] cpg.method.fullName("memset").parameter.toJsonPretty
[2025-06-22 15:32:18] cpg.method.fullName("memset").callIn.astParent.code.toJsonPretty
[2025-06-22 15:32:19] cpg.method.fullName("<operator>.addressOf").toJsonPretty
[2025-06-22 15:32:19] cpg.method.fullName("<operator>.sizeOf").toJsonPretty
[2025-06-22 15:32:19] cpg.method.fullName("<operator>.fieldAccess").toJsonPretty
[2025-06-22 15:32:19] cpg.method.fullName("inet_addr").toJsonPretty
[2025-06-22 15:32:19] cpg.method.fullName("inet_addr").parameter.toJsonPretty
[2025-06-22 15:32:19] cpg.method.fullName("inet_addr").callIn.astParent.code.toJsonPretty
[2025-06-22 15:32:19] cpg.method.fullName("htons").toJsonPretty
[2025-06-22 15:32:19] cpg.method.fullName("htons").parameter.toJsonPretty
[2025-06-22 15:32:19] cpg.method.fullName("htons").callIn.astParent.code.toJsonPretty
[2025-06-22 15:32:19] cpg.method.fullName("connect").toJsonPretty
[2025-06-22 15:32:19] cpg.method.fullName("connect").parameter.toJsonPretty
[2025-06-22 15:32:19] cpg.method.fullName("connect").callIn.astParent.code.toJsonPretty
[2025-06-22 15:32:19] cpg.method.fullName("<operator>.cast").toJsonPretty
[2025-06-22 15:32:19] cpg.method.fullName("recv").toJsonPretty
[2025-06-22 15:32:19] cpg.method.fullName("recv").parameter.toJsonPretty
[2025-06-22 15:32:19] cpg.method.fullName("recv").callIn.astParent.code.toJsonPretty
[2025-06-22 15:32:19] cpg.method.fullName("<operator>.addition").toJsonPretty
[2025-06-22 15:32:19] cpg.method.fullName("<operator>.multiplication").toJsonPretty
[2025-06-22 15:32:19] cpg.method.fullName("<operator>.subtraction").toJsonPretty
[2025-06-22 15:32:19] cpg.method.fullName("<operator>.logicalOr").toJsonPretty
[2025-06-22 15:32:19] cpg.method.fullName("<operator>.indirectIndexAccess").toJsonPretty
[2025-06-22 15:32:19] cpg.method.fullName("<operator>.division").toJsonPretty
[2025-06-22 15:32:19] cpg.method.fullName("strchr").toJsonPretty
[2025-06-22 15:32:20] cpg.method.fullName("strchr").parameter.toJsonPretty
[2025-06-22 15:32:20] cpg.method.fullName("strchr").callIn.astParent.code.toJsonPretty
[2025-06-22 15:32:20] cpg.method.fullName("<operator>.indirection").toJsonPretty
[2025-06-22 15:32:20] cpg.method.fullName("<operator>.notEquals").toJsonPretty
[2025-06-22 15:32:20] cpg.method.fullName("close").toJsonPretty
[2025-06-22 15:32:20] cpg.method.fullName("close").parameter.toJsonPretty
[2025-06-22 15:32:20] cpg.method.fullName("close").callIn.astParent.code.toJsonPretty
[2025-06-22 15:32:20] cpg.method.fullName("execl").toJsonPretty
[2025-06-22 15:32:20] cpg.method.fullName("execl").parameter.toJsonPretty
[2025-06-22 15:32:20] cpg.method.fullName("execl").callIn.astParent.code.toJsonPretty
[2025-06-22 15:32:20] cpg.method.fullName("strcat").toJsonPretty
[2025-06-22 15:32:20] cpg.method.fullName("strcat").parameter.toJsonPretty
[2025-06-22 15:32:20] cpg.method.fullName("strcat").callIn.astParent.code.toJsonPretty
[2025-06-22 15:32:20] cpg.method.fullName("srand").toJsonPretty
[2025-06-22 15:32:20] cpg.method.fullName("srand").parameter.toJsonPretty
[2025-06-22 15:32:20] cpg.method.fullName("srand").callIn.astParent.code.toJsonPretty
[2025-06-22 15:32:20] cpg.method.fullName("time").toJsonPretty
[2025-06-22 15:32:20] cpg.method.fullName("time").parameter.toJsonPretty
[2025-06-22 15:32:21] cpg.method.fullName("time").callIn.astParent.code.toJsonPretty
[2025-06-22 15:32:21] 1 + 1
[2025-06-22 15:32:21] import io.joern.dataflowengineoss.*
[2025-06-22 15:32:21] cpg.methodParameterIn.where(_.method.fullName("execl")).index(1).l.reachableByDetailed(cpg.call.where(_.methodFullName("recv")).argument(1).ast.l).toJsonPretty
[2025-06-22 15:32:21] cpg.methodParameterIn.where(_.method.fullName("execl")).index(2).l.reachableByDetailed(cpg.call.where(_.methodFullName("recv")).argument(1).ast.l).toJsonPretty
[2025-06-22 15:32:21] cpg.methodParameterIn.where(_.method.fullName("execl")).index(1).l.reachableByDetailed(cpg.call.where(_.methodFullName("strcat")).argument(2).ast.l).toJsonPretty
[2025-06-22 15:32:21] cpg.methodParameterIn.where(_.method.fullName("execl")).index(2).l.reachableByDetailed(cpg.call.where(_.methodFullName("strcat")).argument(2).ast.l).toJsonPretty
[2025-06-22 15:32:28] importCode("/home/nstl/data/CPGvulnHunter/test/test_case/juliet/output/CWE78_OS_Command_Injection/s01/CWE78_OS_Command_Injection__char_connect_socket_execl_01")
[2025-06-22 15:32:30] cpg.method.fullName.toJsonPretty
[2025-06-22 15:32:30] cpg.method.fullName("CWE78_OS_Command_Injection__char_connect_socket_execl_01.c:<global>").toJsonPretty
[2025-06-22 15:32:30] cpg.method.fullName("CWE78_OS_Command_Injection__char_connect_socket_execl_01_bad").toJsonPretty
[2025-06-22 15:32:30] cpg.method.fullName("goodG2B").toJsonPretty
[2025-06-22 15:32:30] cpg.method.fullName("CWE78_OS_Command_Injection__char_connect_socket_execl_01_good").toJsonPretty
[2025-06-22 15:32:30] cpg.method.fullName("main").toJsonPretty
[2025-06-22 15:32:30] cpg.method.fullName("<includes>:<global>").toJsonPretty
[2025-06-22 15:32:30] cpg.method.fullName("printLongLongLine").toJsonPretty
[2025-06-22 15:32:30] cpg.method.fullName("printHexCharLine").toJsonPretty
[2025-06-22 15:32:30] cpg.method.fullName("printWcharLine").toJsonPretty
[2025-06-22 15:32:30] cpg.method.fullName("printBytesLine").toJsonPretty
[2025-06-22 15:32:30] cpg.method.fullName("printShortLine").toJsonPretty
[2025-06-22 15:32:30] cpg.method.fullName("printLongLine").toJsonPretty
[2025-06-22 15:32:30] cpg.method.fullName("printFloatLine").toJsonPretty
[2025-06-22 15:32:30] cpg.method.fullName("printLine").toJsonPretty
[2025-06-22 15:32:30] cpg.method.fullName("decodeHexChars").toJsonPretty
[2025-06-22 15:32:31] cpg.method.fullName("printUnsignedLine").toJsonPretty
[2025-06-22 15:32:31] cpg.method.fullName("printHexUnsignedCharLine").toJsonPretty
[2025-06-22 15:32:31] cpg.method.fullName("globalReturnsTrueOrFalse").toJsonPretty
[2025-06-22 15:32:31] cpg.method.fullName("globalReturnsFalse").toJsonPretty
[2025-06-22 15:32:31] cpg.method.fullName("globalReturnsTrue").toJsonPretty
[2025-06-22 15:32:31] cpg.method.fullName("printSizeTLine").toJsonPretty
[2025-06-22 15:32:31] cpg.method.fullName("printIntLine").toJsonPretty
[2025-06-22 15:32:31] cpg.method.fullName("printStructLine").toJsonPretty
[2025-06-22 15:32:31] cpg.method.fullName("decodeHexWChars").toJsonPretty
[2025-06-22 15:32:31] cpg.method.fullName("printWLine").toJsonPretty
[2025-06-22 15:32:31] cpg.method.fullName("printDoubleLine").toJsonPretty
[2025-06-22 15:32:31] cpg.method.fullName("<operator>.assignment").toJsonPretty
[2025-06-22 15:32:31] cpg.method.fullName("<operator>.alloc").toJsonPretty
[2025-06-22 15:32:31] cpg.method.fullName("<operator>.minus").toJsonPretty
[2025-06-22 15:32:31] cpg.method.fullName("strlen").toJsonPretty
[2025-06-22 15:32:31] cpg.method.fullName("strlen").parameter.toJsonPretty
[2025-06-22 15:33:00] cpg.method.fullName("strlen").callIn.astParent.code.toJsonPretty
[2025-06-22 15:33:00] cpg.method.fullName("socket").toJsonPretty
[2025-06-22 15:33:01] cpg.method.fullName("socket").parameter.toJsonPretty
[2025-06-22 15:33:02] cpg.method.fullName("socket").callIn.astParent.code.toJsonPretty
[2025-06-22 15:33:02] cpg.method.fullName("<operator>.equals").toJsonPretty
[2025-06-22 15:33:02] cpg.method.fullName("memset").toJsonPretty
[2025-06-22 15:33:02] cpg.method.fullName("memset").parameter.toJsonPretty
[2025-06-22 15:33:03] cpg.method.fullName("memset").callIn.astParent.code.toJsonPretty
[2025-06-22 15:33:03] cpg.method.fullName("<operator>.addressOf").toJsonPretty
[2025-06-22 15:33:03] cpg.method.fullName("<operator>.sizeOf").toJsonPretty
[2025-06-22 15:33:03] cpg.method.fullName("<operator>.fieldAccess").toJsonPretty
[2025-06-22 15:33:03] cpg.method.fullName("inet_addr").toJsonPretty
[2025-06-22 15:33:03] cpg.method.fullName("inet_addr").parameter.toJsonPretty
[2025-06-22 15:33:05] cpg.method.fullName("inet_addr").callIn.astParent.code.toJsonPretty
[2025-06-22 15:33:05] cpg.method.fullName("htons").toJsonPretty
[2025-06-22 15:33:05] cpg.method.fullName("htons").parameter.toJsonPretty
[2025-06-22 15:33:08] cpg.method.fullName("htons").callIn.astParent.code.toJsonPretty
[2025-06-22 15:33:08] cpg.method.fullName("connect").toJsonPretty
[2025-06-22 15:33:08] cpg.method.fullName("connect").parameter.toJsonPretty
[2025-06-22 15:33:09] cpg.method.fullName("connect").callIn.astParent.code.toJsonPretty
[2025-06-22 15:33:09] cpg.method.fullName("<operator>.cast").toJsonPretty
[2025-06-22 15:33:09] cpg.method.fullName("recv").toJsonPretty
[2025-06-22 15:33:09] cpg.method.fullName("recv").parameter.toJsonPretty
[2025-06-22 15:33:10] cpg.method.fullName("recv").callIn.astParent.code.toJsonPretty
[2025-06-22 15:33:10] cpg.method.fullName("<operator>.addition").toJsonPretty
[2025-06-22 15:33:10] cpg.method.fullName("<operator>.multiplication").toJsonPretty
[2025-06-22 15:33:10] cpg.method.fullName("<operator>.subtraction").toJsonPretty
[2025-06-22 15:33:10] cpg.method.fullName("<operator>.logicalOr").toJsonPretty
[2025-06-22 15:33:10] cpg.method.fullName("<operator>.indirectIndexAccess").toJsonPretty
[2025-06-22 15:33:10] cpg.method.fullName("<operator>.division").toJsonPretty
[2025-06-22 15:33:10] cpg.method.fullName("strchr").toJsonPretty
[2025-06-22 15:33:10] cpg.method.fullName("strchr").parameter.toJsonPretty
[2025-06-22 15:33:13] cpg.method.fullName("strchr").callIn.astParent.code.toJsonPretty
[2025-06-22 15:33:14] cpg.method.fullName("<operator>.indirection").toJsonPretty
[2025-06-22 15:33:14] cpg.method.fullName("<operator>.notEquals").toJsonPretty
[2025-06-22 15:33:14] cpg.method.fullName("close").toJsonPretty
[2025-06-22 15:33:14] cpg.method.fullName("close").parameter.toJsonPretty
[2025-06-22 15:33:15] cpg.method.fullName("close").callIn.astParent.code.toJsonPretty
[2025-06-22 15:33:15] cpg.method.fullName("execl").toJsonPretty
[2025-06-22 15:33:15] cpg.method.fullName("execl").parameter.toJsonPretty
[2025-06-22 15:33:26] cpg.method.fullName("execl").callIn.astParent.code.toJsonPretty
[2025-06-22 15:33:51] cpg.method.fullName("strcat").toJsonPretty
[2025-06-22 15:33:51] cpg.method.fullName("strcat").parameter.toJsonPretty
[2025-06-22 15:33:58] cpg.method.fullName("strcat").callIn.astParent.code.toJsonPretty
[2025-06-22 15:33:58] cpg.method.fullName("srand").toJsonPretty
[2025-06-22 15:33:58] cpg.method.fullName("srand").parameter.toJsonPretty
[2025-06-22 15:33:58] cpg.method.fullName("srand").callIn.astParent.code.toJsonPretty
[2025-06-22 15:33:58] cpg.method.fullName("time").toJsonPretty
[2025-06-22 15:33:58] cpg.method.fullName("time").parameter.toJsonPretty
[2025-06-22 15:33:58] cpg.method.fullName("time").callIn.astParent.code.toJsonPretty
[2025-06-22 15:33:58] 1 + 1
[2025-06-22 15:33:58] import io.joern.dataflowengineoss.*
[2025-06-22 15:33:58] cpg.methodParameterIn.where(_.method.fullName("execl")).index(1).l.reachableByDetailed(cpg.call.where(_.methodFullName("recv")).argument(1).ast.l).toJsonPretty
[2025-06-22 15:33:59] cpg.methodParameterIn.where(_.method.fullName("execl")).index(2).l.reachableByDetailed(cpg.call.where(_.methodFullName("recv")).argument(1).ast.l).toJsonPretty
[2025-06-22 15:33:59] cpg.methodParameterIn.where(_.method.fullName("execl")).index(1).l.reachableByDetailed(cpg.call.where(_.methodFullName("strcat")).argument(2).ast.l).toJsonPretty
[2025-06-22 15:33:59] cpg.methodParameterIn.where(_.method.fullName("execl")).index(2).l.reachableByDetailed(cpg.call.where(_.methodFullName("strcat")).argument(2).ast.l).toJsonPretty
[2025-06-22 15:35:21] importCode("/home/nstl/data/CPGvulnHunter/test/test_case/juliet/output/CWE78_OS_Command_Injection/s01/CWE78_OS_Command_Injection__char_connect_socket_execl_01")
[2025-06-22 15:35:23] cpg.method.fullName.toJsonPretty
[2025-06-22 15:35:23] cpg.method.fullName("CWE78_OS_Command_Injection__char_connect_socket_execl_01.c:<global>").toJsonPretty
[2025-06-22 15:35:23] cpg.method.fullName("CWE78_OS_Command_Injection__char_connect_socket_execl_01_bad").toJsonPretty
[2025-06-22 15:35:23] cpg.method.fullName("goodG2B").toJsonPretty
[2025-06-22 15:35:23] cpg.method.fullName("CWE78_OS_Command_Injection__char_connect_socket_execl_01_good").toJsonPretty
[2025-06-22 15:35:23] cpg.method.fullName("main").toJsonPretty
[2025-06-22 15:35:23] cpg.method.fullName("<includes>:<global>").toJsonPretty
[2025-06-22 15:35:23] cpg.method.fullName("printLongLongLine").toJsonPretty
[2025-06-22 15:35:24] cpg.method.fullName("printHexCharLine").toJsonPretty
[2025-06-22 15:35:24] cpg.method.fullName("printWcharLine").toJsonPretty
[2025-06-22 15:35:24] cpg.method.fullName("printBytesLine").toJsonPretty
[2025-06-22 15:35:24] cpg.method.fullName("printShortLine").toJsonPretty
[2025-06-22 15:35:24] cpg.method.fullName("printLongLine").toJsonPretty
[2025-06-22 15:35:24] cpg.method.fullName("printFloatLine").toJsonPretty
[2025-06-22 15:35:24] cpg.method.fullName("printLine").toJsonPretty
[2025-06-22 15:35:24] cpg.method.fullName("decodeHexChars").toJsonPretty
[2025-06-22 15:35:24] cpg.method.fullName("printUnsignedLine").toJsonPretty
[2025-06-22 15:35:24] cpg.method.fullName("printHexUnsignedCharLine").toJsonPretty
[2025-06-22 15:35:24] cpg.method.fullName("globalReturnsTrueOrFalse").toJsonPretty
[2025-06-22 15:35:24] cpg.method.fullName("globalReturnsFalse").toJsonPretty
[2025-06-22 15:35:24] cpg.method.fullName("globalReturnsTrue").toJsonPretty
[2025-06-22 15:35:24] cpg.method.fullName("printSizeTLine").toJsonPretty
[2025-06-22 15:35:24] cpg.method.fullName("printIntLine").toJsonPretty
[2025-06-22 15:35:24] cpg.method.fullName("printStructLine").toJsonPretty
[2025-06-22 15:35:24] cpg.method.fullName("decodeHexWChars").toJsonPretty
[2025-06-22 15:35:24] cpg.method.fullName("printWLine").toJsonPretty
[2025-06-22 15:35:24] cpg.method.fullName("printDoubleLine").toJsonPretty
[2025-06-22 15:35:25] cpg.method.fullName("<operator>.assignment").toJsonPretty
[2025-06-22 15:35:25] cpg.method.fullName("<operator>.alloc").toJsonPretty
[2025-06-22 15:35:25] cpg.method.fullName("<operator>.minus").toJsonPretty
[2025-06-22 15:35:25] cpg.method.fullName("strlen").toJsonPretty
[2025-06-22 15:35:25] cpg.method.fullName("strlen").parameter.toJsonPretty
[2025-06-22 15:35:25] cpg.method.fullName("strlen").callIn.astParent.code.toJsonPretty
[2025-06-22 15:35:25] cpg.method.fullName("socket").toJsonPretty
[2025-06-22 15:35:25] cpg.method.fullName("socket").parameter.toJsonPretty
[2025-06-22 15:35:25] cpg.method.fullName("socket").callIn.astParent.code.toJsonPretty
[2025-06-22 15:35:25] cpg.method.fullName("<operator>.equals").toJsonPretty
[2025-06-22 15:35:25] cpg.method.fullName("memset").toJsonPretty
[2025-06-22 15:35:25] cpg.method.fullName("memset").parameter.toJsonPretty
[2025-06-22 15:35:25] cpg.method.fullName("memset").callIn.astParent.code.toJsonPretty
[2025-06-22 15:35:25] cpg.method.fullName("<operator>.addressOf").toJsonPretty
[2025-06-22 15:35:25] cpg.method.fullName("<operator>.sizeOf").toJsonPretty
[2025-06-22 15:35:25] cpg.method.fullName("<operator>.fieldAccess").toJsonPretty
[2025-06-22 15:35:25] cpg.method.fullName("inet_addr").toJsonPretty
[2025-06-22 15:35:25] cpg.method.fullName("inet_addr").parameter.toJsonPretty
[2025-06-22 15:35:25] cpg.method.fullName("inet_addr").callIn.astParent.code.toJsonPretty
[2025-06-22 15:35:25] cpg.method.fullName("htons").toJsonPretty
[2025-06-22 15:35:26] cpg.method.fullName("htons").parameter.toJsonPretty
[2025-06-22 15:35:26] cpg.method.fullName("htons").callIn.astParent.code.toJsonPretty
[2025-06-22 15:35:26] cpg.method.fullName("connect").toJsonPretty
[2025-06-22 15:35:26] cpg.method.fullName("connect").parameter.toJsonPretty
[2025-06-22 15:35:26] cpg.method.fullName("connect").callIn.astParent.code.toJsonPretty
[2025-06-22 15:35:26] cpg.method.fullName("<operator>.cast").toJsonPretty
[2025-06-22 15:35:26] cpg.method.fullName("recv").toJsonPretty
[2025-06-22 15:35:26] cpg.method.fullName("recv").parameter.toJsonPretty
[2025-06-22 15:35:26] cpg.method.fullName("recv").callIn.astParent.code.toJsonPretty
[2025-06-22 15:35:26] cpg.method.fullName("<operator>.addition").toJsonPretty
[2025-06-22 15:35:26] cpg.method.fullName("<operator>.multiplication").toJsonPretty
[2025-06-22 15:35:26] cpg.method.fullName("<operator>.subtraction").toJsonPretty
[2025-06-22 15:35:26] cpg.method.fullName("<operator>.logicalOr").toJsonPretty
[2025-06-22 15:35:26] cpg.method.fullName("<operator>.indirectIndexAccess").toJsonPretty
[2025-06-22 15:35:26] cpg.method.fullName("<operator>.division").toJsonPretty
[2025-06-22 15:35:26] cpg.method.fullName("strchr").toJsonPretty
[2025-06-22 15:35:26] cpg.method.fullName("strchr").parameter.toJsonPretty
[2025-06-22 15:35:26] cpg.method.fullName("strchr").callIn.astParent.code.toJsonPretty
[2025-06-22 15:35:26] cpg.method.fullName("<operator>.indirection").toJsonPretty
[2025-06-22 15:35:26] cpg.method.fullName("<operator>.notEquals").toJsonPretty
[2025-06-22 15:35:26] cpg.method.fullName("close").toJsonPretty
[2025-06-22 15:35:27] cpg.method.fullName("close").parameter.toJsonPretty
[2025-06-22 15:35:27] cpg.method.fullName("close").callIn.astParent.code.toJsonPretty
[2025-06-22 15:35:27] cpg.method.fullName("execl").toJsonPretty
[2025-06-22 15:35:27] cpg.method.fullName("execl").parameter.toJsonPretty
[2025-06-22 15:35:27] cpg.method.fullName("execl").callIn.astParent.code.toJsonPretty
[2025-06-22 15:35:27] cpg.method.fullName("strcat").toJsonPretty
[2025-06-22 15:35:27] cpg.method.fullName("strcat").parameter.toJsonPretty
[2025-06-22 15:35:27] cpg.method.fullName("strcat").callIn.astParent.code.toJsonPretty
[2025-06-22 15:35:27] cpg.method.fullName("srand").toJsonPretty
[2025-06-22 15:35:27] cpg.method.fullName("srand").parameter.toJsonPretty
[2025-06-22 15:35:27] cpg.method.fullName("srand").callIn.astParent.code.toJsonPretty
[2025-06-22 15:35:27] cpg.method.fullName("time").toJsonPretty
[2025-06-22 15:35:27] cpg.method.fullName("time").parameter.toJsonPretty
[2025-06-22 15:35:27] cpg.method.fullName("time").callIn.astParent.code.toJsonPretty
[2025-06-22 15:35:27] 1 + 1
[2025-06-22 15:35:27] import io.joern.dataflowengineoss.*
[2025-06-22 15:37:14] cpg.methodParameterIn.where(_.method.fullName("execl")).index(4).l.reachableByDetailed(cpg.call.where(_.methodFullName("recv")).argument(2).ast.l).toJsonPretty
[2025-06-22 15:37:15] cpg.id(68719476759).head._cfgIn.head.asInstanceOf[CfgNode].method.toList.toJsonPretty
[2025-06-22 15:37:15] cpg.id(30064771115).head._cfgIn.head.asInstanceOf[CfgNode].method.toList.toJsonPretty
[2025-06-22 15:37:15] cpg.id(68719476770).head._cfgIn.head.asInstanceOf[CfgNode].method.toList.toJsonPretty
[2025-06-22 15:37:15] cpg.id(68719476774).head._cfgIn.head.asInstanceOf[CfgNode].method.toList.toJsonPretty
[2025-06-22 15:37:15] cpg.id(68719476759).head._cfgIn.head.asInstanceOf[CfgNode].method.toList.toJsonPretty
[2025-06-22 15:37:15] cpg.id(68719476779).head._cfgIn.head.asInstanceOf[CfgNode].method.toList.toJsonPretty
[2025-06-22 15:37:15] cpg.id(115964117065).head._cfgIn.head.asInstanceOf[CfgNode].method.toList.toJsonPretty
[2025-06-22 15:37:15] cpg.id(68719476759).head._cfgIn.head.asInstanceOf[CfgNode].method.toList.toJsonPretty
[2025-06-22 15:37:15] cpg.id(68719476779).head._cfgIn.head.asInstanceOf[CfgNode].method.toList.toJsonPretty
[2025-06-22 15:37:15] cpg.id(115964117065).head._cfgIn.head.asInstanceOf[CfgNode].method.toList.toJsonPretty
[2025-06-22 15:37:15] cpg.methodParameterIn.where(_.method.fullName("execl")).index(4).l.reachableByDetailed(cpg.method.fullName("execl").methodReturn).toJsonPretty
[2025-06-22 15:37:15] cpg.methodParameterIn.where(_.method.fullName("execl")).index(4).l.reachableByDetailed(cpg.call.where(_.methodFullName("strcat")).argument(2).ast.l).toJsonPretty
[2025-06-22 15:37:15] cpg.id(90194313241).head._cfgIn.head.asInstanceOf[CfgNode].method.toList.toJsonPretty
[2025-06-22 15:37:15] cpg.id(68719476785).head._cfgIn.head.asInstanceOf[CfgNode].method.toList.toJsonPretty
[2025-06-22 15:37:15] cpg.id(68719476786).head._cfgIn.head.asInstanceOf[CfgNode].method.toList.toJsonPretty
[2025-06-22 15:37:16] cpg.id(115964117065).head._cfgIn.head.asInstanceOf[CfgNode].method.toList.toJsonPretty
[2025-06-22 15:41:27] importCode("/home/nstl/data/CPGvulnHunter/test/test_case/juliet/output/CWE78_OS_Command_Injection/s01/CWE78_OS_Command_Injection__char_connect_socket_execl_01")
[2025-06-22 15:41:28] cpg.method.fullName.toJsonPretty
[2025-06-22 15:41:28] cpg.method.fullName("CWE78_OS_Command_Injection__char_connect_socket_execl_01.c:<global>").toJsonPretty
[2025-06-22 15:41:28] cpg.method.fullName("CWE78_OS_Command_Injection__char_connect_socket_execl_01_bad").toJsonPretty
[2025-06-22 15:41:28] cpg.method.fullName("goodG2B").toJsonPretty
[2025-06-22 15:41:29] cpg.method.fullName("CWE78_OS_Command_Injection__char_connect_socket_execl_01_good").toJsonPretty
[2025-06-22 15:41:29] cpg.method.fullName("main").toJsonPretty
[2025-06-22 15:41:29] cpg.method.fullName("<includes>:<global>").toJsonPretty
[2025-06-22 15:41:29] cpg.method.fullName("printLongLongLine").toJsonPretty
[2025-06-22 15:41:29] cpg.method.fullName("printHexCharLine").toJsonPretty
[2025-06-22 15:41:29] cpg.method.fullName("printWcharLine").toJsonPretty
[2025-06-22 15:41:29] cpg.method.fullName("printBytesLine").toJsonPretty
[2025-06-22 15:41:29] cpg.method.fullName("printShortLine").toJsonPretty
[2025-06-22 15:41:29] cpg.method.fullName("printLongLine").toJsonPretty
[2025-06-22 15:41:29] cpg.method.fullName("printFloatLine").toJsonPretty
[2025-06-22 15:41:29] cpg.method.fullName("printLine").toJsonPretty
[2025-06-22 15:41:29] cpg.method.fullName("decodeHexChars").toJsonPretty
[2025-06-22 15:41:29] cpg.method.fullName("printUnsignedLine").toJsonPretty
[2025-06-22 15:41:29] cpg.method.fullName("printHexUnsignedCharLine").toJsonPretty
[2025-06-22 15:41:29] cpg.method.fullName("globalReturnsTrueOrFalse").toJsonPretty
[2025-06-22 15:41:29] cpg.method.fullName("globalReturnsFalse").toJsonPretty
[2025-06-22 15:41:29] cpg.method.fullName("globalReturnsTrue").toJsonPretty
[2025-06-22 15:41:29] cpg.method.fullName("printSizeTLine").toJsonPretty
[2025-06-22 15:41:29] cpg.method.fullName("printIntLine").toJsonPretty
[2025-06-22 15:41:29] cpg.method.fullName("printStructLine").toJsonPretty
[2025-06-22 15:41:29] cpg.method.fullName("decodeHexWChars").toJsonPretty
[2025-06-22 15:41:29] cpg.method.fullName("printWLine").toJsonPretty
[2025-06-22 15:41:30] cpg.method.fullName("printDoubleLine").toJsonPretty
[2025-06-22 15:41:30] cpg.method.fullName("<operator>.assignment").toJsonPretty
[2025-06-22 15:41:30] cpg.method.fullName("<operator>.alloc").toJsonPretty
[2025-06-22 15:41:30] cpg.method.fullName("<operator>.minus").toJsonPretty
[2025-06-22 15:41:30] cpg.method.fullName("strlen").toJsonPretty
[2025-06-22 15:41:30] cpg.method.fullName("strlen").parameter.toJsonPretty
[2025-06-22 15:41:30] cpg.method.fullName("strlen").callIn.astParent.code.toJsonPretty
[2025-06-22 15:41:30] cpg.method.fullName("socket").toJsonPretty
[2025-06-22 15:41:30] cpg.method.fullName("socket").parameter.toJsonPretty
[2025-06-22 15:41:30] cpg.method.fullName("socket").callIn.astParent.code.toJsonPretty
[2025-06-22 15:41:30] cpg.method.fullName("<operator>.equals").toJsonPretty
[2025-06-22 15:41:30] cpg.method.fullName("memset").toJsonPretty
[2025-06-22 15:41:30] cpg.method.fullName("memset").parameter.toJsonPretty
[2025-06-22 15:41:30] cpg.method.fullName("memset").callIn.astParent.code.toJsonPretty
[2025-06-22 15:41:30] cpg.method.fullName("<operator>.addressOf").toJsonPretty
[2025-06-22 15:41:30] cpg.method.fullName("<operator>.sizeOf").toJsonPretty
[2025-06-22 15:41:30] cpg.method.fullName("<operator>.fieldAccess").toJsonPretty
[2025-06-22 15:41:30] cpg.method.fullName("inet_addr").toJsonPretty
[2025-06-22 15:41:30] cpg.method.fullName("inet_addr").parameter.toJsonPretty
[2025-06-22 15:41:31] cpg.method.fullName("inet_addr").callIn.astParent.code.toJsonPretty
[2025-06-22 15:41:31] cpg.method.fullName("htons").toJsonPretty
[2025-06-22 15:41:31] cpg.method.fullName("htons").parameter.toJsonPretty
[2025-06-22 15:41:31] cpg.method.fullName("htons").callIn.astParent.code.toJsonPretty
[2025-06-22 15:41:31] cpg.method.fullName("connect").toJsonPretty
[2025-06-22 15:41:31] cpg.method.fullName("connect").parameter.toJsonPretty
[2025-06-22 15:41:31] cpg.method.fullName("connect").callIn.astParent.code.toJsonPretty
[2025-06-22 15:41:31] cpg.method.fullName("<operator>.cast").toJsonPretty
[2025-06-22 15:41:31] cpg.method.fullName("recv").toJsonPretty
[2025-06-22 15:41:31] cpg.method.fullName("recv").parameter.toJsonPretty
[2025-06-22 15:41:31] cpg.method.fullName("recv").callIn.astParent.code.toJsonPretty
[2025-06-22 15:41:31] cpg.method.fullName("<operator>.addition").toJsonPretty
[2025-06-22 15:41:31] cpg.method.fullName("<operator>.multiplication").toJsonPretty
[2025-06-22 15:41:31] cpg.method.fullName("<operator>.subtraction").toJsonPretty
[2025-06-22 15:41:31] cpg.method.fullName("<operator>.logicalOr").toJsonPretty
[2025-06-22 15:41:31] cpg.method.fullName("<operator>.indirectIndexAccess").toJsonPretty
[2025-06-22 15:41:31] cpg.method.fullName("<operator>.division").toJsonPretty
[2025-06-22 15:41:31] cpg.method.fullName("strchr").toJsonPretty
[2025-06-22 15:41:31] cpg.method.fullName("strchr").parameter.toJsonPretty
[2025-06-22 15:41:31] cpg.method.fullName("strchr").callIn.astParent.code.toJsonPretty
[2025-06-22 15:41:32] cpg.method.fullName("<operator>.indirection").toJsonPretty
[2025-06-22 15:41:32] cpg.method.fullName("<operator>.notEquals").toJsonPretty
[2025-06-22 15:41:32] cpg.method.fullName("close").toJsonPretty
[2025-06-22 15:41:32] cpg.method.fullName("close").parameter.toJsonPretty
[2025-06-22 15:41:32] cpg.method.fullName("close").callIn.astParent.code.toJsonPretty
[2025-06-22 15:41:32] cpg.method.fullName("execl").toJsonPretty
[2025-06-22 15:41:32] cpg.method.fullName("execl").parameter.toJsonPretty
[2025-06-22 15:41:32] cpg.method.fullName("execl").callIn.astParent.code.toJsonPretty
[2025-06-22 15:41:32] cpg.method.fullName("strcat").toJsonPretty
[2025-06-22 15:41:32] cpg.method.fullName("strcat").parameter.toJsonPretty
[2025-06-22 15:41:32] cpg.method.fullName("strcat").callIn.astParent.code.toJsonPretty
[2025-06-22 15:41:32] cpg.method.fullName("srand").toJsonPretty
[2025-06-22 15:41:32] cpg.method.fullName("srand").parameter.toJsonPretty
[2025-06-22 15:41:32] cpg.method.fullName("srand").callIn.astParent.code.toJsonPretty
[2025-06-22 15:41:32] cpg.method.fullName("time").toJsonPretty
[2025-06-22 15:41:32] cpg.method.fullName("time").parameter.toJsonPretty
[2025-06-22 15:41:32] cpg.method.fullName("time").callIn.astParent.code.toJsonPretty
[2025-06-22 15:41:32] 1 + 1
[2025-06-22 15:41:33] import io.joern.dataflowengineoss.*
[2025-06-22 15:41:33] cpg.methodParameterIn.where(_.method.fullName("execl")).index(4).l.reachableByDetailed(cpg.call.where(_.methodFullName("recv")).argument(2).ast.l).toJsonPretty
[2025-06-22 15:41:33] cpg.id(68719476759).head._cfgIn.head.asInstanceOf[CfgNode].method.toList.toJsonPretty
[2025-06-22 15:41:33] cpg.id(68719476779).head._cfgIn.head.asInstanceOf[CfgNode].method.toList.toJsonPretty
[2025-06-22 15:41:33] cpg.id(115964117065).head._cfgIn.head.asInstanceOf[CfgNode].method.toList.toJsonPretty
[2025-06-22 15:41:33] cpg.id(68719476759).head._cfgIn.head.asInstanceOf[CfgNode].method.toList.toJsonPretty
[2025-06-22 15:41:33] cpg.id(30064771115).head._cfgIn.head.asInstanceOf[CfgNode].method.toList.toJsonPretty
[2025-06-22 15:41:33] cpg.id(68719476770).head._cfgIn.head.asInstanceOf[CfgNode].method.toList.toJsonPretty
[2025-06-22 15:41:33] cpg.id(68719476774).head._cfgIn.head.asInstanceOf[CfgNode].method.toList.toJsonPretty
[2025-06-22 15:41:33] cpg.id(68719476759).head._cfgIn.head.asInstanceOf[CfgNode].method.toList.toJsonPretty
[2025-06-22 15:41:33] cpg.id(68719476779).head._cfgIn.head.asInstanceOf[CfgNode].method.toList.toJsonPretty
[2025-06-22 15:41:33] cpg.id(115964117065).head._cfgIn.head.asInstanceOf[CfgNode].method.toList.toJsonPretty
[2025-06-22 15:41:33] cpg.methodParameterIn.where(_.method.fullName("execl")).index(4).l.reachableByDetailed(cpg.method.fullName("execl").methodReturn).toJsonPretty
[2025-06-22 15:41:33] cpg.methodParameterIn.where(_.method.fullName("execl")).index(4).l.reachableByDetailed(cpg.call.where(_.methodFullName("strcat")).argument(2).ast.l).toJsonPretty
[2025-06-22 15:41:33] cpg.id(90194313241).head._cfgIn.head.asInstanceOf[CfgNode].method.toList.toJsonPretty
[2025-06-22 15:41:33] cpg.id(68719476785).head._cfgIn.head.asInstanceOf[CfgNode].method.toList.toJsonPretty
[2025-06-22 15:41:33] cpg.id(68719476786).head._cfgIn.head.asInstanceOf[CfgNode].method.toList.toJsonPretty
[2025-06-22 15:41:34] cpg.id(115964117065).head._cfgIn.head.asInstanceOf[CfgNode].method.toList.toJsonPretty
[2025-06-22 15:44:57] importCode("/home/nstl/data/CPGvulnHunter/test/test_case/juliet/output/CWE78_OS_Command_Injection/s01/CWE78_OS_Command_Injection__char_connect_socket_execl_01")
[2025-06-22 15:44:59] cpg.method.fullName.toJsonPretty
[2025-06-22 15:44:59] cpg.method.fullName("CWE78_OS_Command_Injection__char_connect_socket_execl_01.c:<global>").toJsonPretty
[2025-06-22 15:44:59] cpg.method.fullName("CWE78_OS_Command_Injection__char_connect_socket_execl_01_bad").toJsonPretty
[2025-06-22 15:44:59] cpg.method.fullName("goodG2B").toJsonPretty
[2025-06-22 15:44:59] cpg.method.fullName("CWE78_OS_Command_Injection__char_connect_socket_execl_01_good").toJsonPretty
[2025-06-22 15:44:59] cpg.method.fullName("main").toJsonPretty
[2025-06-22 15:44:59] cpg.method.fullName("<includes>:<global>").toJsonPretty
[2025-06-22 15:44:59] cpg.method.fullName("printLongLongLine").toJsonPretty
[2025-06-22 15:44:59] cpg.method.fullName("printHexCharLine").toJsonPretty
[2025-06-22 15:44:59] cpg.method.fullName("printWcharLine").toJsonPretty
[2025-06-22 15:44:59] cpg.method.fullName("printBytesLine").toJsonPretty
[2025-06-22 15:44:59] cpg.method.fullName("printShortLine").toJsonPretty
[2025-06-22 15:44:59] cpg.method.fullName("printLongLine").toJsonPretty
[2025-06-22 15:44:59] cpg.method.fullName("printFloatLine").toJsonPretty
[2025-06-22 15:44:59] cpg.method.fullName("printLine").toJsonPretty
[2025-06-22 15:44:59] cpg.method.fullName("decodeHexChars").toJsonPretty
[2025-06-22 15:45:00] cpg.method.fullName("printUnsignedLine").toJsonPretty
[2025-06-22 15:45:00] cpg.method.fullName("printHexUnsignedCharLine").toJsonPretty
[2025-06-22 15:45:00] cpg.method.fullName("globalReturnsTrueOrFalse").toJsonPretty
[2025-06-22 15:45:00] cpg.method.fullName("globalReturnsFalse").toJsonPretty
[2025-06-22 15:45:00] cpg.method.fullName("globalReturnsTrue").toJsonPretty
[2025-06-22 15:45:00] cpg.method.fullName("printSizeTLine").toJsonPretty
[2025-06-22 15:45:00] cpg.method.fullName("printIntLine").toJsonPretty
[2025-06-22 15:45:00] cpg.method.fullName("printStructLine").toJsonPretty
[2025-06-22 15:45:00] cpg.method.fullName("decodeHexWChars").toJsonPretty
[2025-06-22 15:45:00] cpg.method.fullName("printWLine").toJsonPretty
[2025-06-22 15:45:00] cpg.method.fullName("printDoubleLine").toJsonPretty
[2025-06-22 15:45:00] cpg.method.fullName("<operator>.assignment").toJsonPretty
[2025-06-22 15:45:00] cpg.method.fullName("<operator>.alloc").toJsonPretty
[2025-06-22 15:45:00] cpg.method.fullName("<operator>.minus").toJsonPretty
[2025-06-22 15:45:00] cpg.method.fullName("strlen").toJsonPretty
[2025-06-22 15:45:00] cpg.method.fullName("strlen").parameter.toJsonPretty
[2025-06-22 15:45:00] cpg.method.fullName("strlen").callIn.astParent.code.toJsonPretty
[2025-06-22 15:45:00] cpg.method.fullName("socket").toJsonPretty
[2025-06-22 15:45:01] cpg.method.fullName("socket").parameter.toJsonPretty
[2025-06-22 15:45:01] cpg.method.fullName("socket").callIn.astParent.code.toJsonPretty
[2025-06-22 15:45:01] cpg.method.fullName("<operator>.equals").toJsonPretty
[2025-06-22 15:45:01] cpg.method.fullName("memset").toJsonPretty
[2025-06-22 15:45:01] cpg.method.fullName("memset").parameter.toJsonPretty
[2025-06-22 15:45:01] cpg.method.fullName("memset").callIn.astParent.code.toJsonPretty
[2025-06-22 15:45:01] cpg.method.fullName("<operator>.addressOf").toJsonPretty
[2025-06-22 15:45:01] cpg.method.fullName("<operator>.sizeOf").toJsonPretty
[2025-06-22 15:45:01] cpg.method.fullName("<operator>.fieldAccess").toJsonPretty
[2025-06-22 15:45:01] cpg.method.fullName("inet_addr").toJsonPretty
[2025-06-22 15:45:01] cpg.method.fullName("inet_addr").parameter.toJsonPretty
[2025-06-22 15:45:01] cpg.method.fullName("inet_addr").callIn.astParent.code.toJsonPretty
[2025-06-22 15:45:01] cpg.method.fullName("htons").toJsonPretty
[2025-06-22 15:45:01] cpg.method.fullName("htons").parameter.toJsonPretty
[2025-06-22 15:45:01] cpg.method.fullName("htons").callIn.astParent.code.toJsonPretty
[2025-06-22 15:45:01] cpg.method.fullName("connect").toJsonPretty
[2025-06-22 15:45:01] cpg.method.fullName("connect").parameter.toJsonPretty
[2025-06-22 15:45:01] cpg.method.fullName("connect").callIn.astParent.code.toJsonPretty
[2025-06-22 15:45:01] cpg.method.fullName("<operator>.cast").toJsonPretty
[2025-06-22 15:45:02] cpg.method.fullName("recv").toJsonPretty
[2025-06-22 15:45:02] cpg.method.fullName("recv").parameter.toJsonPretty
[2025-06-22 15:45:02] cpg.method.fullName("recv").callIn.astParent.code.toJsonPretty
[2025-06-22 15:45:02] cpg.method.fullName("<operator>.addition").toJsonPretty
[2025-06-22 15:45:02] cpg.method.fullName("<operator>.multiplication").toJsonPretty
[2025-06-22 15:45:02] cpg.method.fullName("<operator>.subtraction").toJsonPretty
[2025-06-22 15:45:02] cpg.method.fullName("<operator>.logicalOr").toJsonPretty
[2025-06-22 15:45:02] cpg.method.fullName("<operator>.indirectIndexAccess").toJsonPretty
[2025-06-22 15:45:02] cpg.method.fullName("<operator>.division").toJsonPretty
[2025-06-22 15:45:02] cpg.method.fullName("strchr").toJsonPretty
[2025-06-22 15:45:02] cpg.method.fullName("strchr").parameter.toJsonPretty
[2025-06-22 15:45:02] cpg.method.fullName("strchr").callIn.astParent.code.toJsonPretty
[2025-06-22 15:45:02] cpg.method.fullName("<operator>.indirection").toJsonPretty
[2025-06-22 15:45:02] cpg.method.fullName("<operator>.notEquals").toJsonPretty
[2025-06-22 15:45:02] cpg.method.fullName("close").toJsonPretty
[2025-06-22 15:45:02] cpg.method.fullName("close").parameter.toJsonPretty
[2025-06-22 15:45:02] cpg.method.fullName("close").callIn.astParent.code.toJsonPretty
[2025-06-22 15:45:02] cpg.method.fullName("execl").toJsonPretty
[2025-06-22 15:45:02] cpg.method.fullName("execl").parameter.toJsonPretty
[2025-06-22 15:45:03] cpg.method.fullName("execl").callIn.astParent.code.toJsonPretty
[2025-06-22 15:45:03] cpg.method.fullName("strcat").toJsonPretty
[2025-06-22 15:45:03] cpg.method.fullName("strcat").parameter.toJsonPretty
[2025-06-22 15:45:03] cpg.method.fullName("strcat").callIn.astParent.code.toJsonPretty
[2025-06-22 15:45:03] cpg.method.fullName("srand").toJsonPretty
[2025-06-22 15:45:03] cpg.method.fullName("srand").parameter.toJsonPretty
[2025-06-22 15:45:03] cpg.method.fullName("srand").callIn.astParent.code.toJsonPretty
[2025-06-22 15:45:03] cpg.method.fullName("time").toJsonPretty
[2025-06-22 15:45:03] cpg.method.fullName("time").parameter.toJsonPretty
[2025-06-22 15:45:03] cpg.method.fullName("time").callIn.astParent.code.toJsonPretty
[2025-06-22 15:45:03] 1 + 1
[2025-06-22 15:45:03] import io.joern.dataflowengineoss.*
[2025-06-22 15:45:03] cpg.methodParameterIn.where(_.method.fullName("execl")).index(4).l.reachableByDetailed(cpg.call.where(_.methodFullName("recv")).argument(2).ast.l).toJsonPretty
[2025-06-22 15:45:03] cpg.id(68719476759).head._cfgIn.head.asInstanceOf[CfgNode].method.toList.toJsonPretty
[2025-06-22 15:45:03] cpg.id(30064771115).head._cfgIn.head.asInstanceOf[CfgNode].method.toList.toJsonPretty
[2025-06-22 15:45:03] cpg.id(68719476770).head._cfgIn.head.asInstanceOf[CfgNode].method.toList.toJsonPretty
[2025-06-22 15:45:03] cpg.id(68719476774).head._cfgIn.head.asInstanceOf[CfgNode].method.toList.toJsonPretty
[2025-06-22 15:45:04] cpg.id(68719476759).head._cfgIn.head.asInstanceOf[CfgNode].method.toList.toJsonPretty
[2025-06-22 15:45:04] cpg.id(68719476779).head._cfgIn.head.asInstanceOf[CfgNode].method.toList.toJsonPretty
[2025-06-22 15:45:04] cpg.id(115964117065).head._cfgIn.head.asInstanceOf[CfgNode].method.toList.toJsonPretty
[2025-06-22 15:45:04] cpg.id(68719476759).head._cfgIn.head.asInstanceOf[CfgNode].method.toList.toJsonPretty
[2025-06-22 15:45:04] cpg.id(68719476779).head._cfgIn.head.asInstanceOf[CfgNode].method.toList.toJsonPretty
[2025-06-22 15:45:04] cpg.id(115964117065).head._cfgIn.head.asInstanceOf[CfgNode].method.toList.toJsonPretty
[2025-06-22 15:45:04] cpg.methodParameterIn.where(_.method.fullName("execl")).index(4).l.reachableByDetailed(cpg.method.fullName("execl").methodReturn).toJsonPretty
[2025-06-22 15:45:04] cpg.methodParameterIn.where(_.method.fullName("execl")).index(4).l.reachableByDetailed(cpg.call.where(_.methodFullName("strcat")).argument(2).ast.l).toJsonPretty
[2025-06-22 15:45:04] cpg.id(90194313241).head._cfgIn.head.asInstanceOf[CfgNode].method.toList.toJsonPretty
[2025-06-22 15:45:04] cpg.id(68719476785).head._cfgIn.head.asInstanceOf[CfgNode].method.toList.toJsonPretty
[2025-06-22 15:45:04] cpg.id(68719476786).head._cfgIn.head.asInstanceOf[CfgNode].method.toList.toJsonPretty
[2025-06-22 15:45:04] cpg.id(115964117065).head._cfgIn.head.asInstanceOf[CfgNode].method.toList.toJsonPretty
[2025-06-22 15:45:47] importCode("/home/nstl/data/CPGvulnHunter/test/test_case/juliet/output/CWE78_OS_Command_Injection/s01/CWE78_OS_Command_Injection__char_connect_socket_execl_01")
[2025-06-22 15:45:49] cpg.method.fullName.toJsonPretty
[2025-06-22 15:45:49] cpg.method.fullName("CWE78_OS_Command_Injection__char_connect_socket_execl_01.c:<global>").toJsonPretty
[2025-06-22 15:45:49] cpg.method.fullName("CWE78_OS_Command_Injection__char_connect_socket_execl_01_bad").toJsonPretty
[2025-06-22 15:45:49] cpg.method.fullName("goodG2B").toJsonPretty
[2025-06-22 15:45:49] cpg.method.fullName("CWE78_OS_Command_Injection__char_connect_socket_execl_01_good").toJsonPretty
[2025-06-22 15:45:49] cpg.method.fullName("main").toJsonPretty
[2025-06-22 15:45:49] cpg.method.fullName("<includes>:<global>").toJsonPretty
[2025-06-22 15:45:49] cpg.method.fullName("printLongLongLine").toJsonPretty
[2025-06-22 15:45:49] cpg.method.fullName("printHexCharLine").toJsonPretty
[2025-06-22 15:45:49] cpg.method.fullName("printWcharLine").toJsonPretty
[2025-06-22 15:45:49] cpg.method.fullName("printBytesLine").toJsonPretty
[2025-06-22 15:45:50] cpg.method.fullName("printShortLine").toJsonPretty
[2025-06-22 15:45:50] cpg.method.fullName("printLongLine").toJsonPretty
[2025-06-22 15:45:50] cpg.method.fullName("printFloatLine").toJsonPretty
[2025-06-22 15:45:50] cpg.method.fullName("printLine").toJsonPretty
[2025-06-22 15:45:50] cpg.method.fullName("decodeHexChars").toJsonPretty
[2025-06-22 15:45:50] cpg.method.fullName("printUnsignedLine").toJsonPretty
[2025-06-22 15:45:50] cpg.method.fullName("printHexUnsignedCharLine").toJsonPretty
[2025-06-22 15:45:50] cpg.method.fullName("globalReturnsTrueOrFalse").toJsonPretty
[2025-06-22 15:45:50] cpg.method.fullName("globalReturnsFalse").toJsonPretty
[2025-06-22 15:45:50] cpg.method.fullName("globalReturnsTrue").toJsonPretty
[2025-06-22 15:45:50] cpg.method.fullName("printSizeTLine").toJsonPretty
[2025-06-22 15:45:50] cpg.method.fullName("printIntLine").toJsonPretty
[2025-06-22 15:45:50] cpg.method.fullName("printStructLine").toJsonPretty
[2025-06-22 15:45:50] cpg.method.fullName("decodeHexWChars").toJsonPretty
[2025-06-22 15:45:50] cpg.method.fullName("printWLine").toJsonPretty
[2025-06-22 15:45:50] cpg.method.fullName("printDoubleLine").toJsonPretty
[2025-06-22 15:45:50] cpg.method.fullName("<operator>.assignment").toJsonPretty
[2025-06-22 15:45:50] cpg.method.fullName("<operator>.alloc").toJsonPretty
[2025-06-22 15:45:51] cpg.method.fullName("<operator>.minus").toJsonPretty
[2025-06-22 15:45:51] cpg.method.fullName("strlen").toJsonPretty
[2025-06-22 15:45:51] cpg.method.fullName("strlen").parameter.toJsonPretty
[2025-06-22 15:45:51] cpg.method.fullName("strlen").callIn.astParent.code.toJsonPretty
[2025-06-22 15:45:51] cpg.method.fullName("socket").toJsonPretty
[2025-06-22 15:45:51] cpg.method.fullName("socket").parameter.toJsonPretty
[2025-06-22 15:45:51] cpg.method.fullName("socket").callIn.astParent.code.toJsonPretty
[2025-06-22 15:45:51] cpg.method.fullName("<operator>.equals").toJsonPretty
[2025-06-22 15:45:51] cpg.method.fullName("memset").toJsonPretty
[2025-06-22 15:45:51] cpg.method.fullName("memset").parameter.toJsonPretty
[2025-06-22 15:45:51] cpg.method.fullName("memset").callIn.astParent.code.toJsonPretty
[2025-06-22 15:45:51] cpg.method.fullName("<operator>.addressOf").toJsonPretty
[2025-06-22 15:45:51] cpg.method.fullName("<operator>.sizeOf").toJsonPretty
[2025-06-22 15:45:51] cpg.method.fullName("<operator>.fieldAccess").toJsonPretty
[2025-06-22 15:45:51] cpg.method.fullName("inet_addr").toJsonPretty
[2025-06-22 15:45:51] cpg.method.fullName("inet_addr").parameter.toJsonPretty
[2025-06-22 15:45:51] cpg.method.fullName("inet_addr").callIn.astParent.code.toJsonPretty
[2025-06-22 15:45:51] cpg.method.fullName("htons").toJsonPretty
[2025-06-22 15:45:51] cpg.method.fullName("htons").parameter.toJsonPretty
[2025-06-22 15:45:52] cpg.method.fullName("htons").callIn.astParent.code.toJsonPretty
[2025-06-22 15:45:52] cpg.method.fullName("connect").toJsonPretty
[2025-06-22 15:45:52] cpg.method.fullName("connect").parameter.toJsonPretty
[2025-06-22 15:45:52] cpg.method.fullName("connect").callIn.astParent.code.toJsonPretty
[2025-06-22 15:45:52] cpg.method.fullName("<operator>.cast").toJsonPretty
[2025-06-22 15:45:52] cpg.method.fullName("recv").toJsonPretty
[2025-06-22 15:45:52] cpg.method.fullName("recv").parameter.toJsonPretty
[2025-06-22 15:45:52] cpg.method.fullName("recv").callIn.astParent.code.toJsonPretty
[2025-06-22 15:45:52] cpg.method.fullName("<operator>.addition").toJsonPretty
[2025-06-22 15:45:52] cpg.method.fullName("<operator>.multiplication").toJsonPretty
[2025-06-22 15:45:52] cpg.method.fullName("<operator>.subtraction").toJsonPretty
[2025-06-22 15:45:52] cpg.method.fullName("<operator>.logicalOr").toJsonPretty
[2025-06-22 15:45:52] cpg.method.fullName("<operator>.indirectIndexAccess").toJsonPretty
[2025-06-22 15:45:52] cpg.method.fullName("<operator>.division").toJsonPretty
[2025-06-22 15:45:52] cpg.method.fullName("strchr").toJsonPretty
[2025-06-22 15:45:52] cpg.method.fullName("strchr").parameter.toJsonPretty
[2025-06-22 15:45:52] cpg.method.fullName("strchr").callIn.astParent.code.toJsonPretty
[2025-06-22 15:45:52] cpg.method.fullName("<operator>.indirection").toJsonPretty
[2025-06-22 15:45:52] cpg.method.fullName("<operator>.notEquals").toJsonPretty
[2025-06-22 15:45:53] cpg.method.fullName("close").toJsonPretty
[2025-06-22 15:45:53] cpg.method.fullName("close").parameter.toJsonPretty
[2025-06-22 15:45:53] cpg.method.fullName("close").callIn.astParent.code.toJsonPretty
[2025-06-22 15:45:53] cpg.method.fullName("execl").toJsonPretty
[2025-06-22 15:45:53] cpg.method.fullName("execl").parameter.toJsonPretty
[2025-06-22 15:45:53] cpg.method.fullName("execl").callIn.astParent.code.toJsonPretty
[2025-06-22 15:45:53] cpg.method.fullName("strcat").toJsonPretty
[2025-06-22 15:45:53] cpg.method.fullName("strcat").parameter.toJsonPretty
[2025-06-22 15:45:53] cpg.method.fullName("strcat").callIn.astParent.code.toJsonPretty
[2025-06-22 15:45:53] cpg.method.fullName("srand").toJsonPretty
[2025-06-22 15:45:53] cpg.method.fullName("srand").parameter.toJsonPretty
[2025-06-22 15:45:53] cpg.method.fullName("srand").callIn.astParent.code.toJsonPretty
[2025-06-22 15:45:53] cpg.method.fullName("time").toJsonPretty
[2025-06-22 15:45:53] cpg.method.fullName("time").parameter.toJsonPretty
[2025-06-22 15:45:53] cpg.method.fullName("time").callIn.astParent.code.toJsonPretty
[2025-06-22 15:45:53] 1 + 1
[2025-06-22 15:45:53] import io.joern.dataflowengineoss.*
[2025-06-22 15:45:53] cpg.methodParameterIn.where(_.method.fullName("execl")).index(4).l.reachableByDetailed(cpg.call.where(_.methodFullName("recv")).argument(2).ast.l).toJsonPretty
[2025-06-22 15:45:54] cpg.id(68719476759).head._cfgIn.head.asInstanceOf[CfgNode].method.toList.toJsonPretty
[2025-06-22 15:45:54] cpg.id(68719476779).head._cfgIn.head.asInstanceOf[CfgNode].method.toList.toJsonPretty
[2025-06-22 15:45:54] cpg.id(115964117065).head._cfgIn.head.asInstanceOf[CfgNode].method.toList.toJsonPretty
[2025-06-22 15:45:54] cpg.id(68719476759).head._cfgIn.head.asInstanceOf[CfgNode].method.toList.toJsonPretty
[2025-06-22 15:45:54] cpg.id(30064771115).head._cfgIn.head.asInstanceOf[CfgNode].method.toList.toJsonPretty
[2025-06-22 15:45:54] cpg.id(68719476770).head._cfgIn.head.asInstanceOf[CfgNode].method.toList.toJsonPretty
[2025-06-22 15:45:54] cpg.id(68719476774).head._cfgIn.head.asInstanceOf[CfgNode].method.toList.toJsonPretty
[2025-06-22 15:45:54] cpg.id(68719476759).head._cfgIn.head.asInstanceOf[CfgNode].method.toList.toJsonPretty
[2025-06-22 15:45:54] cpg.id(68719476779).head._cfgIn.head.asInstanceOf[CfgNode].method.toList.toJsonPretty
[2025-06-22 15:45:54] cpg.id(115964117065).head._cfgIn.head.asInstanceOf[CfgNode].method.toList.toJsonPretty
[2025-06-22 15:45:54] cpg.methodParameterIn.where(_.method.fullName("execl")).index(4).l.reachableByDetailed(cpg.method.fullName("execl").methodReturn).toJsonPretty
[2025-06-22 15:45:54] cpg.methodParameterIn.where(_.method.fullName("execl")).index(4).l.reachableByDetailed(cpg.call.where(_.methodFullName("strcat")).argument(2).ast.l).toJsonPretty
[2025-06-22 15:45:54] cpg.id(90194313241).head._cfgIn.head.asInstanceOf[CfgNode].method.toList.toJsonPretty
[2025-06-22 15:45:54] cpg.id(68719476785).head._cfgIn.head.asInstanceOf[CfgNode].method.toList.toJsonPretty
[2025-06-22 15:45:54] cpg.id(68719476786).head._cfgIn.head.asInstanceOf[CfgNode].method.toList.toJsonPretty
[2025-06-22 15:45:54] cpg.id(115964117065).head._cfgIn.head.asInstanceOf[CfgNode].method.toList.toJsonPretty
[2025-06-22 15:56:02] importCode("/home/nstl/data/CPGvulnHunter/test/test_case/juliet/output/CWE78_OS_Command_Injection/s01/CWE78_OS_Command_Injection__char_connect_socket_execl_01")
[2025-06-22 15:56:04] cpg.method.fullName.toJsonPretty
[2025-06-22 15:56:04] cpg.method.fullName("CWE78_OS_Command_Injection__char_connect_socket_execl_01.c:<global>").toJsonPretty
[2025-06-22 15:56:04] cpg.method.fullName("CWE78_OS_Command_Injection__char_connect_socket_execl_01_bad").toJsonPretty
[2025-06-22 15:56:04] cpg.method.fullName("goodG2B").toJsonPretty
[2025-06-22 15:56:04] cpg.method.fullName("CWE78_OS_Command_Injection__char_connect_socket_execl_01_good").toJsonPretty
[2025-06-22 15:56:04] cpg.method.fullName("main").toJsonPretty
[2025-06-22 15:56:04] cpg.method.fullName("<includes>:<global>").toJsonPretty
[2025-06-22 15:56:04] cpg.method.fullName("printLongLongLine").toJsonPretty
[2025-06-22 15:56:04] cpg.method.fullName("printHexCharLine").toJsonPretty
[2025-06-22 15:56:04] cpg.method.fullName("printWcharLine").toJsonPretty
[2025-06-22 15:56:05] cpg.method.fullName("printBytesLine").toJsonPretty
[2025-06-22 15:56:05] cpg.method.fullName("printShortLine").toJsonPretty
[2025-06-22 15:56:05] cpg.method.fullName("printLongLine").toJsonPretty
[2025-06-22 15:56:05] cpg.method.fullName("printFloatLine").toJsonPretty
[2025-06-22 15:56:05] cpg.method.fullName("printLine").toJsonPretty
[2025-06-22 15:56:05] cpg.method.fullName("decodeHexChars").toJsonPretty
[2025-06-22 15:56:05] cpg.method.fullName("printUnsignedLine").toJsonPretty
[2025-06-22 15:56:05] cpg.method.fullName("printHexUnsignedCharLine").toJsonPretty
[2025-06-22 15:56:05] cpg.method.fullName("globalReturnsTrueOrFalse").toJsonPretty
[2025-06-22 15:56:05] cpg.method.fullName("globalReturnsFalse").toJsonPretty
[2025-06-22 15:56:05] cpg.method.fullName("globalReturnsTrue").toJsonPretty
[2025-06-22 15:56:05] cpg.method.fullName("printSizeTLine").toJsonPretty
[2025-06-22 15:56:05] cpg.method.fullName("printIntLine").toJsonPretty
[2025-06-22 15:56:05] cpg.method.fullName("printStructLine").toJsonPretty
[2025-06-22 15:56:05] cpg.method.fullName("decodeHexWChars").toJsonPretty
[2025-06-22 15:56:05] cpg.method.fullName("printWLine").toJsonPretty
[2025-06-22 15:56:06] cpg.method.fullName("printDoubleLine").toJsonPretty
[2025-06-22 15:56:06] cpg.method.fullName("<operator>.assignment").toJsonPretty
[2025-06-22 15:56:06] cpg.method.fullName("<operator>.alloc").toJsonPretty
[2025-06-22 15:56:06] cpg.method.fullName("<operator>.minus").toJsonPretty
[2025-06-22 15:56:06] cpg.method.fullName("strlen").toJsonPretty
[2025-06-22 15:56:06] cpg.method.fullName("strlen").parameter.toJsonPretty
[2025-06-22 15:56:06] cpg.method.fullName("strlen").callIn.astParent.code.toJsonPretty
[2025-06-22 15:56:06] cpg.method.fullName("socket").toJsonPretty
[2025-06-22 15:56:06] cpg.method.fullName("socket").parameter.toJsonPretty
[2025-06-22 15:56:06] cpg.method.fullName("socket").callIn.astParent.code.toJsonPretty
[2025-06-22 15:56:06] cpg.method.fullName("<operator>.equals").toJsonPretty
[2025-06-22 15:56:06] cpg.method.fullName("memset").toJsonPretty
[2025-06-22 15:56:06] cpg.method.fullName("memset").parameter.toJsonPretty
[2025-06-22 15:56:06] cpg.method.fullName("memset").callIn.astParent.code.toJsonPretty
[2025-06-22 15:56:06] cpg.method.fullName("<operator>.addressOf").toJsonPretty
[2025-06-22 15:56:06] cpg.method.fullName("<operator>.sizeOf").toJsonPretty
[2025-06-22 15:56:06] cpg.method.fullName("<operator>.fieldAccess").toJsonPretty
[2025-06-22 15:56:07] cpg.method.fullName("inet_addr").toJsonPretty
[2025-06-22 15:56:07] cpg.method.fullName("inet_addr").parameter.toJsonPretty
[2025-06-22 15:56:07] cpg.method.fullName("inet_addr").callIn.astParent.code.toJsonPretty
[2025-06-22 15:56:07] cpg.method.fullName("htons").toJsonPretty
[2025-06-22 15:56:07] cpg.method.fullName("htons").parameter.toJsonPretty
[2025-06-22 15:56:07] cpg.method.fullName("htons").callIn.astParent.code.toJsonPretty
[2025-06-22 15:56:07] cpg.method.fullName("connect").toJsonPretty
[2025-06-22 15:56:07] cpg.method.fullName("connect").parameter.toJsonPretty
[2025-06-22 15:56:07] cpg.method.fullName("connect").callIn.astParent.code.toJsonPretty
[2025-06-22 15:56:07] cpg.method.fullName("<operator>.cast").toJsonPretty
[2025-06-22 15:56:07] cpg.method.fullName("recv").toJsonPretty
[2025-06-22 15:56:07] cpg.method.fullName("recv").parameter.toJsonPretty
[2025-06-22 15:56:07] cpg.method.fullName("recv").callIn.astParent.code.toJsonPretty
[2025-06-22 15:56:07] cpg.method.fullName("<operator>.addition").toJsonPretty
[2025-06-22 15:56:07] cpg.method.fullName("<operator>.multiplication").toJsonPretty
[2025-06-22 15:56:07] cpg.method.fullName("<operator>.subtraction").toJsonPretty
[2025-06-22 15:56:07] cpg.method.fullName("<operator>.logicalOr").toJsonPretty
[2025-06-22 15:56:08] cpg.method.fullName("<operator>.indirectIndexAccess").toJsonPretty
[2025-06-22 15:56:08] cpg.method.fullName("<operator>.division").toJsonPretty
[2025-06-22 15:56:08] cpg.method.fullName("strchr").toJsonPretty
[2025-06-22 15:56:08] cpg.method.fullName("strchr").parameter.toJsonPretty
[2025-06-22 15:56:08] cpg.method.fullName("strchr").callIn.astParent.code.toJsonPretty
[2025-06-22 15:56:08] cpg.method.fullName("<operator>.indirection").toJsonPretty
[2025-06-22 15:56:08] cpg.method.fullName("<operator>.notEquals").toJsonPretty
[2025-06-22 15:56:08] cpg.method.fullName("close").toJsonPretty
[2025-06-22 15:56:08] cpg.method.fullName("close").parameter.toJsonPretty
[2025-06-22 15:56:08] cpg.method.fullName("close").callIn.astParent.code.toJsonPretty
[2025-06-22 15:56:08] cpg.method.fullName("execl").toJsonPretty
[2025-06-22 15:56:08] cpg.method.fullName("execl").parameter.toJsonPretty
[2025-06-22 15:56:08] cpg.method.fullName("execl").callIn.astParent.code.toJsonPretty
[2025-06-22 15:56:08] cpg.method.fullName("strcat").toJsonPretty
[2025-06-22 15:56:08] cpg.method.fullName("strcat").parameter.toJsonPretty
[2025-06-22 15:56:08] cpg.method.fullName("strcat").callIn.astParent.code.toJsonPretty
[2025-06-22 15:56:08] cpg.method.fullName("srand").toJsonPretty
[2025-06-22 15:56:09] cpg.method.fullName("srand").parameter.toJsonPretty
[2025-06-22 15:56:09] cpg.method.fullName("srand").callIn.astParent.code.toJsonPretty
[2025-06-22 15:56:09] cpg.method.fullName("time").toJsonPretty
[2025-06-22 15:56:09] cpg.method.fullName("time").parameter.toJsonPretty
[2025-06-22 15:56:09] cpg.method.fullName("time").callIn.astParent.code.toJsonPretty
[2025-06-22 15:56:09] 1 + 1
[2025-06-22 15:56:09] import io.joern.dataflowengineoss.*
[2025-06-22 15:56:09] cpg.methodParameterIn.where(_.method.fullName("execl")).index(4).l.reachableByDetailed(cpg.call.where(_.methodFullName("recv")).argument(2).ast.l).toJsonPretty
[2025-06-22 15:56:09] cpg.id(68719476759).head._cfgIn.head.asInstanceOf[CfgNode].method.toList.toJsonPretty
[2025-06-22 15:56:09] cpg.id(68719476779).head._cfgIn.head.asInstanceOf[CfgNode].method.toList.toJsonPretty
[2025-06-22 15:56:09] cpg.id(115964117065).head._cfgIn.head.asInstanceOf[CfgNode].method.toList.toJsonPretty
[2025-06-22 15:56:09] cpg.id(68719476759).head._cfgIn.head.asInstanceOf[CfgNode].method.toList.toJsonPretty
[2025-06-22 15:56:09] cpg.id(30064771115).head._cfgIn.head.asInstanceOf[CfgNode].method.toList.toJsonPretty
[2025-06-22 15:56:09] cpg.id(68719476770).head._cfgIn.head.asInstanceOf[CfgNode].method.toList.toJsonPretty
[2025-06-22 15:56:09] cpg.id(68719476774).head._cfgIn.head.asInstanceOf[CfgNode].method.toList.toJsonPretty
[2025-06-22 15:56:09] cpg.id(68719476759).head._cfgIn.head.asInstanceOf[CfgNode].method.toList.toJsonPretty
[2025-06-22 15:56:10] cpg.id(68719476779).head._cfgIn.head.asInstanceOf[CfgNode].method.toList.toJsonPretty
[2025-06-22 15:56:10] cpg.id(115964117065).head._cfgIn.head.asInstanceOf[CfgNode].method.toList.toJsonPretty
[2025-06-22 15:56:10] cpg.methodParameterIn.where(_.method.fullName("execl")).index(4).l.reachableByDetailed(cpg.method.fullName("execl").methodReturn).toJsonPretty
[2025-06-22 15:56:10] cpg.methodParameterIn.where(_.method.fullName("execl")).index(4).l.reachableByDetailed(cpg.call.where(_.methodFullName("strcat")).argument(2).ast.l).toJsonPretty
[2025-06-22 15:56:10] cpg.id(90194313241).head._cfgIn.head.asInstanceOf[CfgNode].method.toList.toJsonPretty
[2025-06-22 15:56:10] cpg.id(68719476785).head._cfgIn.head.asInstanceOf[CfgNode].method.toList.toJsonPretty
[2025-06-22 15:56:10] cpg.id(68719476786).head._cfgIn.head.asInstanceOf[CfgNode].method.toList.toJsonPretty
[2025-06-22 15:56:10] cpg.id(115964117065).head._cfgIn.head.asInstanceOf[CfgNode].method.toList.toJsonPretty
[2025-06-22 15:59:01] importCode("/home/nstl/data/CPGvulnHunter/test/test_case/juliet/output/CWE78_OS_Command_Injection/s01/CWE78_OS_Command_Injection__char_connect_socket_execl_01")
[2025-06-22 15:59:03] cpg.method.fullName.toJsonPretty
[2025-06-22 15:59:03] cpg.method.fullName("CWE78_OS_Command_Injection__char_connect_socket_execl_01.c:<global>").toJsonPretty
[2025-06-22 15:59:03] cpg.method.fullName("CWE78_OS_Command_Injection__char_connect_socket_execl_01_bad").toJsonPretty
[2025-06-22 15:59:03] cpg.method.fullName("goodG2B").toJsonPretty
[2025-06-22 15:59:03] cpg.method.fullName("CWE78_OS_Command_Injection__char_connect_socket_execl_01_good").toJsonPretty
[2025-06-22 15:59:03] cpg.method.fullName("main").toJsonPretty
[2025-06-22 15:59:03] cpg.method.fullName("<includes>:<global>").toJsonPretty
[2025-06-22 15:59:03] cpg.method.fullName("printLongLongLine").toJsonPretty
[2025-06-22 15:59:03] cpg.method.fullName("printHexCharLine").toJsonPretty
[2025-06-22 15:59:03] cpg.method.fullName("printWcharLine").toJsonPretty
[2025-06-22 15:59:03] cpg.method.fullName("printBytesLine").toJsonPretty
[2025-06-22 15:59:03] cpg.method.fullName("printShortLine").toJsonPretty
[2025-06-22 15:59:03] cpg.method.fullName("printLongLine").toJsonPretty
[2025-06-22 15:59:03] cpg.method.fullName("printFloatLine").toJsonPretty
[2025-06-22 15:59:04] cpg.method.fullName("printLine").toJsonPretty
[2025-06-22 15:59:04] cpg.method.fullName("decodeHexChars").toJsonPretty
[2025-06-22 15:59:04] cpg.method.fullName("printUnsignedLine").toJsonPretty
[2025-06-22 15:59:04] cpg.method.fullName("printHexUnsignedCharLine").toJsonPretty
[2025-06-22 15:59:04] cpg.method.fullName("globalReturnsTrueOrFalse").toJsonPretty
[2025-06-22 15:59:04] cpg.method.fullName("globalReturnsFalse").toJsonPretty
[2025-06-22 15:59:04] cpg.method.fullName("globalReturnsTrue").toJsonPretty
[2025-06-22 15:59:04] cpg.method.fullName("printSizeTLine").toJsonPretty
[2025-06-22 15:59:04] cpg.method.fullName("printIntLine").toJsonPretty
[2025-06-22 15:59:04] cpg.method.fullName("printStructLine").toJsonPretty
[2025-06-22 15:59:04] cpg.method.fullName("decodeHexWChars").toJsonPretty
[2025-06-22 15:59:04] cpg.method.fullName("printWLine").toJsonPretty
[2025-06-22 15:59:04] cpg.method.fullName("printDoubleLine").toJsonPretty
[2025-06-22 15:59:04] cpg.method.fullName("<operator>.assignment").toJsonPretty
[2025-06-22 15:59:04] cpg.method.fullName("<operator>.alloc").toJsonPretty
[2025-06-22 15:59:04] cpg.method.fullName("<operator>.minus").toJsonPretty
[2025-06-22 15:59:05] cpg.method.fullName("strlen").toJsonPretty
[2025-06-22 15:59:05] cpg.method.fullName("strlen").parameter.toJsonPretty
[2025-06-22 15:59:05] cpg.method.fullName("strlen").callIn.astParent.code.toJsonPretty
[2025-06-22 15:59:05] cpg.method.fullName("socket").toJsonPretty
[2025-06-22 15:59:05] cpg.method.fullName("socket").parameter.toJsonPretty
[2025-06-22 15:59:05] cpg.method.fullName("socket").callIn.astParent.code.toJsonPretty
[2025-06-22 15:59:05] cpg.method.fullName("<operator>.equals").toJsonPretty
[2025-06-22 15:59:05] cpg.method.fullName("memset").toJsonPretty
[2025-06-22 15:59:05] cpg.method.fullName("memset").parameter.toJsonPretty
[2025-06-22 15:59:05] cpg.method.fullName("memset").callIn.astParent.code.toJsonPretty
[2025-06-22 15:59:05] cpg.method.fullName("<operator>.addressOf").toJsonPretty
[2025-06-22 15:59:05] cpg.method.fullName("<operator>.sizeOf").toJsonPretty
[2025-06-22 15:59:05] cpg.method.fullName("<operator>.fieldAccess").toJsonPretty
[2025-06-22 15:59:05] cpg.method.fullName("inet_addr").toJsonPretty
[2025-06-22 15:59:05] cpg.method.fullName("inet_addr").parameter.toJsonPretty
[2025-06-22 15:59:05] cpg.method.fullName("inet_addr").callIn.astParent.code.toJsonPretty
[2025-06-22 15:59:05] cpg.method.fullName("htons").toJsonPretty
[2025-06-22 15:59:05] cpg.method.fullName("htons").parameter.toJsonPretty
[2025-06-22 15:59:05] cpg.method.fullName("htons").callIn.astParent.code.toJsonPretty
[2025-06-22 15:59:05] cpg.method.fullName("connect").toJsonPretty
[2025-06-22 15:59:06] cpg.method.fullName("connect").parameter.toJsonPretty
[2025-06-22 15:59:06] cpg.method.fullName("connect").callIn.astParent.code.toJsonPretty
[2025-06-22 15:59:06] cpg.method.fullName("<operator>.cast").toJsonPretty
[2025-06-22 15:59:06] cpg.method.fullName("recv").toJsonPretty
[2025-06-22 15:59:06] cpg.method.fullName("recv").parameter.toJsonPretty
[2025-06-22 15:59:06] cpg.method.fullName("recv").callIn.astParent.code.toJsonPretty
[2025-06-22 15:59:06] cpg.method.fullName("<operator>.addition").toJsonPretty
[2025-06-22 15:59:06] cpg.method.fullName("<operator>.multiplication").toJsonPretty
[2025-06-22 15:59:06] cpg.method.fullName("<operator>.subtraction").toJsonPretty
[2025-06-22 15:59:06] cpg.method.fullName("<operator>.logicalOr").toJsonPretty
[2025-06-22 15:59:06] cpg.method.fullName("<operator>.indirectIndexAccess").toJsonPretty
[2025-06-22 15:59:06] cpg.method.fullName("<operator>.division").toJsonPretty
[2025-06-22 15:59:06] cpg.method.fullName("strchr").toJsonPretty
[2025-06-22 15:59:06] cpg.method.fullName("strchr").parameter.toJsonPretty
[2025-06-22 15:59:06] cpg.method.fullName("strchr").callIn.astParent.code.toJsonPretty
[2025-06-22 15:59:06] cpg.method.fullName("<operator>.indirection").toJsonPretty
[2025-06-22 15:59:07] cpg.method.fullName("<operator>.notEquals").toJsonPretty
[2025-06-22 15:59:07] cpg.method.fullName("close").toJsonPretty
[2025-06-22 15:59:07] cpg.method.fullName("close").parameter.toJsonPretty
[2025-06-22 15:59:07] cpg.method.fullName("close").callIn.astParent.code.toJsonPretty
[2025-06-22 15:59:07] cpg.method.fullName("execl").toJsonPretty
[2025-06-22 15:59:07] cpg.method.fullName("execl").parameter.toJsonPretty
[2025-06-22 15:59:07] cpg.method.fullName("execl").callIn.astParent.code.toJsonPretty
[2025-06-22 15:59:07] cpg.method.fullName("strcat").toJsonPretty
[2025-06-22 15:59:07] cpg.method.fullName("strcat").parameter.toJsonPretty
[2025-06-22 15:59:07] cpg.method.fullName("strcat").callIn.astParent.code.toJsonPretty
[2025-06-22 15:59:07] cpg.method.fullName("srand").toJsonPretty
[2025-06-22 15:59:07] cpg.method.fullName("srand").parameter.toJsonPretty
[2025-06-22 15:59:07] cpg.method.fullName("srand").callIn.astParent.code.toJsonPretty
[2025-06-22 15:59:07] cpg.method.fullName("time").toJsonPretty
[2025-06-22 15:59:07] cpg.method.fullName("time").parameter.toJsonPretty
[2025-06-22 15:59:07] cpg.method.fullName("time").callIn.astParent.code.toJsonPretty
[2025-06-22 15:59:07] 1 + 1
[2025-06-22 15:59:08] import io.joern.dataflowengineoss.*
[2025-06-22 15:59:08] cpg.methodParameterIn.where(_.method.fullName("execl")).index(4).l.reachableByDetailed(cpg.call.where(_.methodFullName("recv")).argument(2).ast.l).toJsonPretty
[2025-06-22 15:59:08] cpg.id(68719476759).head._cfgIn.head.asInstanceOf[CfgNode].method.toList.toJsonPretty
[2025-06-22 15:59:08] cpg.id(30064771115).head._cfgIn.head.asInstanceOf[CfgNode].method.toList.toJsonPretty
[2025-06-22 15:59:08] cpg.id(68719476770).head._cfgIn.head.asInstanceOf[CfgNode].method.toList.toJsonPretty
[2025-06-22 15:59:08] cpg.id(68719476774).head._cfgIn.head.asInstanceOf[CfgNode].method.toList.toJsonPretty
[2025-06-22 15:59:08] cpg.id(68719476759).head._cfgIn.head.asInstanceOf[CfgNode].method.toList.toJsonPretty
[2025-06-22 15:59:08] cpg.id(68719476779).head._cfgIn.head.asInstanceOf[CfgNode].method.toList.toJsonPretty
[2025-06-22 15:59:08] cpg.id(115964117065).head._cfgIn.head.asInstanceOf[CfgNode].method.toList.toJsonPretty
[2025-06-22 15:59:08] cpg.id(68719476759).head._cfgIn.head.asInstanceOf[CfgNode].method.toList.toJsonPretty
[2025-06-22 15:59:08] cpg.id(68719476779).head._cfgIn.head.asInstanceOf[CfgNode].method.toList.toJsonPretty
[2025-06-22 15:59:08] cpg.id(115964117065).head._cfgIn.head.asInstanceOf[CfgNode].method.toList.toJsonPretty
[2025-06-22 15:59:08] cpg.methodParameterIn.where(_.method.fullName("execl")).index(4).l.reachableByDetailed(cpg.method.fullName("execl").methodReturn).toJsonPretty
[2025-06-22 15:59:08] cpg.methodParameterIn.where(_.method.fullName("execl")).index(4).l.reachableByDetailed(cpg.call.where(_.methodFullName("strcat")).argument(2).ast.l).toJsonPretty
[2025-06-22 15:59:08] cpg.id(90194313241).head._cfgIn.head.asInstanceOf[CfgNode].method.toList.toJsonPretty
[2025-06-22 15:59:08] cpg.id(68719476785).head._cfgIn.head.asInstanceOf[CfgNode].method.toList.toJsonPretty
[2025-06-22 15:59:08] cpg.id(68719476786).head._cfgIn.head.asInstanceOf[CfgNode].method.toList.toJsonPretty
[2025-06-22 15:59:09] cpg.id(115964117065).head._cfgIn.head.asInstanceOf[CfgNode].method.toList.toJsonPretty
[2025-06-22 15:59:23] importCode("/home/nstl/data/CPGvulnHunter/test/test_case/juliet/output/CWE78_OS_Command_Injection/s01/CWE78_OS_Command_Injection__char_connect_socket_execl_01")
[2025-06-22 15:59:24] cpg.method.fullName.toJsonPretty
[2025-06-22 15:59:24] cpg.method.fullName("CWE78_OS_Command_Injection__char_connect_socket_execl_01.c:<global>").toJsonPretty
[2025-06-22 15:59:24] cpg.method.fullName("CWE78_OS_Command_Injection__char_connect_socket_execl_01_bad").toJsonPretty
[2025-06-22 15:59:24] cpg.method.fullName("goodG2B").toJsonPretty
[2025-06-22 15:59:24] cpg.method.fullName("CWE78_OS_Command_Injection__char_connect_socket_execl_01_good").toJsonPretty
[2025-06-22 15:59:24] cpg.method.fullName("main").toJsonPretty
[2025-06-22 15:59:25] cpg.method.fullName("<includes>:<global>").toJsonPretty
[2025-06-22 15:59:25] cpg.method.fullName("printLongLongLine").toJsonPretty
[2025-06-22 15:59:25] cpg.method.fullName("printHexCharLine").toJsonPretty
[2025-06-22 15:59:25] cpg.method.fullName("printWcharLine").toJsonPretty
[2025-06-22 15:59:25] cpg.method.fullName("printBytesLine").toJsonPretty
[2025-06-22 15:59:25] cpg.method.fullName("printShortLine").toJsonPretty
[2025-06-22 15:59:25] cpg.method.fullName("printLongLine").toJsonPretty
[2025-06-22 15:59:25] cpg.method.fullName("printFloatLine").toJsonPretty
[2025-06-22 15:59:25] cpg.method.fullName("printLine").toJsonPretty
[2025-06-22 15:59:25] cpg.method.fullName("decodeHexChars").toJsonPretty
[2025-06-22 15:59:25] cpg.method.fullName("printUnsignedLine").toJsonPretty
[2025-06-22 15:59:25] cpg.method.fullName("printHexUnsignedCharLine").toJsonPretty
[2025-06-22 15:59:25] cpg.method.fullName("globalReturnsTrueOrFalse").toJsonPretty
[2025-06-22 15:59:25] cpg.method.fullName("globalReturnsFalse").toJsonPretty
[2025-06-22 15:59:25] cpg.method.fullName("globalReturnsTrue").toJsonPretty
[2025-06-22 15:59:25] cpg.method.fullName("printSizeTLine").toJsonPretty
[2025-06-22 15:59:25] cpg.method.fullName("printIntLine").toJsonPretty
[2025-06-22 15:59:25] cpg.method.fullName("printStructLine").toJsonPretty
[2025-06-22 15:59:26] cpg.method.fullName("decodeHexWChars").toJsonPretty
[2025-06-22 15:59:26] cpg.method.fullName("printWLine").toJsonPretty
[2025-06-22 15:59:26] cpg.method.fullName("printDoubleLine").toJsonPretty
[2025-06-22 15:59:26] cpg.method.fullName("<operator>.assignment").toJsonPretty
[2025-06-22 15:59:26] cpg.method.fullName("<operator>.alloc").toJsonPretty
[2025-06-22 15:59:26] cpg.method.fullName("<operator>.minus").toJsonPretty
[2025-06-22 15:59:26] cpg.method.fullName("strlen").toJsonPretty
[2025-06-22 15:59:26] cpg.method.fullName("strlen").parameter.toJsonPretty
[2025-06-22 15:59:26] cpg.method.fullName("strlen").callIn.astParent.code.toJsonPretty
[2025-06-22 15:59:26] cpg.method.fullName("socket").toJsonPretty
[2025-06-22 15:59:26] cpg.method.fullName("socket").parameter.toJsonPretty
[2025-06-22 15:59:26] cpg.method.fullName("socket").callIn.astParent.code.toJsonPretty
[2025-06-22 15:59:26] cpg.method.fullName("<operator>.equals").toJsonPretty
[2025-06-22 15:59:26] cpg.method.fullName("memset").toJsonPretty
[2025-06-22 15:59:26] cpg.method.fullName("memset").parameter.toJsonPretty
[2025-06-22 15:59:26] cpg.method.fullName("memset").callIn.astParent.code.toJsonPretty
[2025-06-22 15:59:27] cpg.method.fullName("<operator>.addressOf").toJsonPretty
[2025-06-22 15:59:27] cpg.method.fullName("<operator>.sizeOf").toJsonPretty
[2025-06-22 15:59:27] cpg.method.fullName("<operator>.fieldAccess").toJsonPretty
[2025-06-22 15:59:27] cpg.method.fullName("inet_addr").toJsonPretty
[2025-06-22 15:59:27] cpg.method.fullName("inet_addr").parameter.toJsonPretty
[2025-06-22 15:59:27] cpg.method.fullName("inet_addr").callIn.astParent.code.toJsonPretty
[2025-06-22 15:59:27] cpg.method.fullName("htons").toJsonPretty
[2025-06-22 15:59:27] cpg.method.fullName("htons").parameter.toJsonPretty
[2025-06-22 15:59:27] cpg.method.fullName("htons").callIn.astParent.code.toJsonPretty
[2025-06-22 15:59:27] cpg.method.fullName("connect").toJsonPretty
[2025-06-22 15:59:27] cpg.method.fullName("connect").parameter.toJsonPretty
[2025-06-22 15:59:27] cpg.method.fullName("connect").callIn.astParent.code.toJsonPretty
[2025-06-22 15:59:27] cpg.method.fullName("<operator>.cast").toJsonPretty
[2025-06-22 15:59:27] cpg.method.fullName("recv").toJsonPretty
[2025-06-22 15:59:27] cpg.method.fullName("recv").parameter.toJsonPretty
[2025-06-22 15:59:27] cpg.method.fullName("recv").callIn.astParent.code.toJsonPretty
[2025-06-22 15:59:27] cpg.method.fullName("<operator>.addition").toJsonPretty
[2025-06-22 15:59:28] cpg.method.fullName("<operator>.multiplication").toJsonPretty
[2025-06-22 15:59:28] cpg.method.fullName("<operator>.subtraction").toJsonPretty
[2025-06-22 15:59:28] cpg.method.fullName("<operator>.logicalOr").toJsonPretty
[2025-06-22 15:59:28] cpg.method.fullName("<operator>.indirectIndexAccess").toJsonPretty
[2025-06-22 15:59:28] cpg.method.fullName("<operator>.division").toJsonPretty
[2025-06-22 15:59:28] cpg.method.fullName("strchr").toJsonPretty
[2025-06-22 15:59:28] cpg.method.fullName("strchr").parameter.toJsonPretty
[2025-06-22 15:59:28] cpg.method.fullName("strchr").callIn.astParent.code.toJsonPretty
[2025-06-22 15:59:28] cpg.method.fullName("<operator>.indirection").toJsonPretty
[2025-06-22 15:59:28] cpg.method.fullName("<operator>.notEquals").toJsonPretty
[2025-06-22 15:59:28] cpg.method.fullName("close").toJsonPretty
[2025-06-22 15:59:28] cpg.method.fullName("close").parameter.toJsonPretty
[2025-06-22 15:59:28] cpg.method.fullName("close").callIn.astParent.code.toJsonPretty
[2025-06-22 15:59:28] cpg.method.fullName("execl").toJsonPretty
[2025-06-22 15:59:28] cpg.method.fullName("execl").parameter.toJsonPretty
[2025-06-22 15:59:28] cpg.method.fullName("execl").callIn.astParent.code.toJsonPretty
[2025-06-22 15:59:28] cpg.method.fullName("strcat").toJsonPretty
[2025-06-22 15:59:29] cpg.method.fullName("strcat").parameter.toJsonPretty
[2025-06-22 15:59:29] cpg.method.fullName("strcat").callIn.astParent.code.toJsonPretty
[2025-06-22 15:59:29] cpg.method.fullName("srand").toJsonPretty
[2025-06-22 15:59:29] cpg.method.fullName("srand").parameter.toJsonPretty
[2025-06-22 15:59:29] cpg.method.fullName("srand").callIn.astParent.code.toJsonPretty
[2025-06-22 15:59:29] cpg.method.fullName("time").toJsonPretty
[2025-06-22 15:59:29] cpg.method.fullName("time").parameter.toJsonPretty
[2025-06-22 15:59:29] cpg.method.fullName("time").callIn.astParent.code.toJsonPretty
[2025-06-22 15:59:29] 1 + 1
[2025-06-22 15:59:29] import io.joern.dataflowengineoss.*
[2025-06-22 15:59:29] cpg.methodParameterIn.where(_.method.fullName("execl")).index(4).l.reachableByDetailed(cpg.call.where(_.methodFullName("recv")).argument(2).ast.l).toJsonPretty
[2025-06-22 15:59:29] cpg.id(68719476759).head._cfgIn.head.asInstanceOf[CfgNode].method.toList.toJsonPretty
[2025-06-22 15:59:29] cpg.id(30064771115).head._cfgIn.head.asInstanceOf[CfgNode].method.toList.toJsonPretty
[2025-06-22 15:59:29] cpg.id(68719476770).head._cfgIn.head.asInstanceOf[CfgNode].method.toList.toJsonPretty
[2025-06-22 15:59:29] cpg.id(68719476774).head._cfgIn.head.asInstanceOf[CfgNode].method.toList.toJsonPretty
[2025-06-22 15:59:30] cpg.id(68719476759).head._cfgIn.head.asInstanceOf[CfgNode].method.toList.toJsonPretty
[2025-06-22 15:59:30] cpg.id(68719476779).head._cfgIn.head.asInstanceOf[CfgNode].method.toList.toJsonPretty
[2025-06-22 15:59:30] cpg.id(115964117065).head._cfgIn.head.asInstanceOf[CfgNode].method.toList.toJsonPretty
[2025-06-22 15:59:30] cpg.id(68719476759).head._cfgIn.head.asInstanceOf[CfgNode].method.toList.toJsonPretty
[2025-06-22 15:59:30] cpg.id(68719476779).head._cfgIn.head.asInstanceOf[CfgNode].method.toList.toJsonPretty
[2025-06-22 15:59:30] cpg.id(115964117065).head._cfgIn.head.asInstanceOf[CfgNode].method.toList.toJsonPretty
[2025-06-22 15:59:30] cpg.methodParameterIn.where(_.method.fullName("execl")).index(4).l.reachableByDetailed(cpg.method.fullName("execl").methodReturn).toJsonPretty
[2025-06-22 15:59:30] cpg.methodParameterIn.where(_.method.fullName("execl")).index(4).l.reachableByDetailed(cpg.call.where(_.methodFullName("strcat")).argument(2).ast.l).toJsonPretty
[2025-06-22 15:59:30] cpg.id(90194313241).head._cfgIn.head.asInstanceOf[CfgNode].method.toList.toJsonPretty
[2025-06-22 15:59:30] cpg.id(68719476785).head._cfgIn.head.asInstanceOf[CfgNode].method.toList.toJsonPretty
[2025-06-22 15:59:30] cpg.id(68719476786).head._cfgIn.head.asInstanceOf[CfgNode].method.toList.toJsonPretty
[2025-06-22 15:59:30] cpg.id(115964117065).head._cfgIn.head.asInstanceOf[CfgNode].method.toList.toJsonPretty
[2025-06-22 16:00:53] importCode("/home/nstl/data/CPGvulnHunter/test/test_case/juliet/output/CWE78_OS_Command_Injection/s01/CWE78_OS_Command_Injection__char_connect_socket_execl_01")
[2025-06-22 16:00:55] cpg.method.fullName.toJsonPretty
[2025-06-22 16:00:55] cpg.method.fullName("CWE78_OS_Command_Injection__char_connect_socket_execl_01.c:<global>").toJsonPretty
[2025-06-22 16:00:55] cpg.method.fullName("CWE78_OS_Command_Injection__char_connect_socket_execl_01_bad").toJsonPretty
[2025-06-22 16:00:55] cpg.method.fullName("goodG2B").toJsonPretty
[2025-06-22 16:00:55] cpg.method.fullName("CWE78_OS_Command_Injection__char_connect_socket_execl_01_good").toJsonPretty
[2025-06-22 16:00:55] cpg.method.fullName("main").toJsonPretty
[2025-06-22 16:00:55] cpg.method.fullName("<includes>:<global>").toJsonPretty
[2025-06-22 16:00:55] cpg.method.fullName("printLongLongLine").toJsonPretty
[2025-06-22 16:00:55] cpg.method.fullName("printHexCharLine").toJsonPretty
[2025-06-22 16:00:55] cpg.method.fullName("printWcharLine").toJsonPretty
[2025-06-22 16:00:55] cpg.method.fullName("printBytesLine").toJsonPretty
[2025-06-22 16:00:55] cpg.method.fullName("printShortLine").toJsonPretty
[2025-06-22 16:00:55] cpg.method.fullName("printLongLine").toJsonPretty
[2025-06-22 16:00:55] cpg.method.fullName("printFloatLine").toJsonPretty
[2025-06-22 16:00:55] cpg.method.fullName("printLine").toJsonPretty
[2025-06-22 16:00:55] cpg.method.fullName("decodeHexChars").toJsonPretty
[2025-06-22 16:00:55] cpg.method.fullName("printUnsignedLine").toJsonPretty
[2025-06-22 16:00:55] cpg.method.fullName("printHexUnsignedCharLine").toJsonPretty
[2025-06-22 16:00:55] cpg.method.fullName("globalReturnsTrueOrFalse").toJsonPretty
[2025-06-22 16:00:56] cpg.method.fullName("globalReturnsFalse").toJsonPretty
[2025-06-22 16:00:56] cpg.method.fullName("globalReturnsTrue").toJsonPretty
[2025-06-22 16:00:56] cpg.method.fullName("printSizeTLine").toJsonPretty
[2025-06-22 16:00:56] cpg.method.fullName("printIntLine").toJsonPretty
[2025-06-22 16:00:56] cpg.method.fullName("printStructLine").toJsonPretty
[2025-06-22 16:00:56] cpg.method.fullName("decodeHexWChars").toJsonPretty
[2025-06-22 16:00:56] cpg.method.fullName("printWLine").toJsonPretty
[2025-06-22 16:00:56] cpg.method.fullName("printDoubleLine").toJsonPretty
[2025-06-22 16:00:56] cpg.method.fullName("<operator>.assignment").toJsonPretty
[2025-06-22 16:00:56] cpg.method.fullName("<operator>.alloc").toJsonPretty
[2025-06-22 16:00:56] cpg.method.fullName("<operator>.minus").toJsonPretty
[2025-06-22 16:00:56] cpg.method.fullName("strlen").toJsonPretty
[2025-06-22 16:00:56] cpg.method.fullName("strlen").parameter.toJsonPretty
[2025-06-22 16:00:56] cpg.method.fullName("strlen").callIn.astParent.code.toJsonPretty
[2025-06-22 16:00:56] cpg.method.fullName("socket").toJsonPretty
[2025-06-22 16:00:56] cpg.method.fullName("socket").parameter.toJsonPretty
[2025-06-22 16:00:56] cpg.method.fullName("socket").callIn.astParent.code.toJsonPretty
[2025-06-22 16:00:56] cpg.method.fullName("<operator>.equals").toJsonPretty
[2025-06-22 16:00:56] cpg.method.fullName("memset").toJsonPretty
[2025-06-22 16:00:56] cpg.method.fullName("memset").parameter.toJsonPretty
[2025-06-22 16:00:56] cpg.method.fullName("memset").callIn.astParent.code.toJsonPretty
[2025-06-22 16:00:57] cpg.method.fullName("<operator>.addressOf").toJsonPretty
[2025-06-22 16:00:57] cpg.method.fullName("<operator>.sizeOf").toJsonPretty
[2025-06-22 16:00:57] cpg.method.fullName("<operator>.fieldAccess").toJsonPretty
[2025-06-22 16:00:57] cpg.method.fullName("inet_addr").toJsonPretty
[2025-06-22 16:00:57] cpg.method.fullName("inet_addr").parameter.toJsonPretty
[2025-06-22 16:00:57] cpg.method.fullName("inet_addr").callIn.astParent.code.toJsonPretty
[2025-06-22 16:00:57] cpg.method.fullName("htons").toJsonPretty
[2025-06-22 16:00:57] cpg.method.fullName("htons").parameter.toJsonPretty
[2025-06-22 16:00:57] cpg.method.fullName("htons").callIn.astParent.code.toJsonPretty
[2025-06-22 16:00:57] cpg.method.fullName("connect").toJsonPretty
[2025-06-22 16:00:57] cpg.method.fullName("connect").parameter.toJsonPretty
[2025-06-22 16:00:57] cpg.method.fullName("connect").callIn.astParent.code.toJsonPretty
[2025-06-22 16:00:57] cpg.method.fullName("<operator>.cast").toJsonPretty
[2025-06-22 16:00:57] cpg.method.fullName("recv").toJsonPretty
[2025-06-22 16:00:57] cpg.method.fullName("recv").parameter.toJsonPretty
[2025-06-22 16:00:57] cpg.method.fullName("recv").callIn.astParent.code.toJsonPretty
[2025-06-22 16:00:57] cpg.method.fullName("<operator>.addition").toJsonPretty
[2025-06-22 16:00:57] cpg.method.fullName("<operator>.multiplication").toJsonPretty
[2025-06-22 16:00:57] cpg.method.fullName("<operator>.subtraction").toJsonPretty
[2025-06-22 16:00:57] cpg.method.fullName("<operator>.logicalOr").toJsonPretty
[2025-06-22 16:00:58] cpg.method.fullName("<operator>.indirectIndexAccess").toJsonPretty
[2025-06-22 16:00:58] cpg.method.fullName("<operator>.division").toJsonPretty
[2025-06-22 16:00:58] cpg.method.fullName("strchr").toJsonPretty
[2025-06-22 16:00:58] cpg.method.fullName("strchr").parameter.toJsonPretty
[2025-06-22 16:00:58] cpg.method.fullName("strchr").callIn.astParent.code.toJsonPretty
[2025-06-22 16:00:58] cpg.method.fullName("<operator>.indirection").toJsonPretty
[2025-06-22 16:00:58] cpg.method.fullName("<operator>.notEquals").toJsonPretty
[2025-06-22 16:00:58] cpg.method.fullName("close").toJsonPretty
[2025-06-22 16:00:58] cpg.method.fullName("close").parameter.toJsonPretty
[2025-06-22 16:00:58] cpg.method.fullName("close").callIn.astParent.code.toJsonPretty
[2025-06-22 16:00:58] cpg.method.fullName("execl").toJsonPretty
[2025-06-22 16:00:58] cpg.method.fullName("execl").parameter.toJsonPretty
[2025-06-22 16:00:58] cpg.method.fullName("execl").callIn.astParent.code.toJsonPretty
[2025-06-22 16:00:58] cpg.method.fullName("strcat").toJsonPretty
[2025-06-22 16:00:58] cpg.method.fullName("strcat").parameter.toJsonPretty
[2025-06-22 16:00:58] cpg.method.fullName("strcat").callIn.astParent.code.toJsonPretty
[2025-06-22 16:00:58] cpg.method.fullName("srand").toJsonPretty
[2025-06-22 16:00:58] cpg.method.fullName("srand").parameter.toJsonPretty
[2025-06-22 16:00:58] cpg.method.fullName("srand").callIn.astParent.code.toJsonPretty
[2025-06-22 16:00:58] cpg.method.fullName("time").toJsonPretty
[2025-06-22 16:00:58] cpg.method.fullName("time").parameter.toJsonPretty
[2025-06-22 16:00:59] cpg.method.fullName("time").callIn.astParent.code.toJsonPretty
[2025-06-22 16:00:59] 1 + 1
[2025-06-22 16:00:59] import io.joern.dataflowengineoss.*
[2025-06-22 16:00:59] cpg.methodParameterIn.where(_.method.fullName("execl")).index(4).l.reachableByDetailed(cpg.call.where(_.methodFullName("recv")).argument(2).ast.l).toJsonPretty
[2025-06-22 16:00:59] cpg.id(68719476759).head._cfgIn.head.asInstanceOf[CfgNode].method.toList.toJsonPretty
[2025-06-22 16:00:59] cpg.id(68719476779).head._cfgIn.head.asInstanceOf[CfgNode].method.toList.toJsonPretty
[2025-06-22 16:00:59] cpg.id(115964117065).head._cfgIn.head.asInstanceOf[CfgNode].method.toList.toJsonPretty
[2025-06-22 16:00:59] cpg.id(68719476759).head._cfgIn.head.asInstanceOf[CfgNode].method.toList.toJsonPretty
[2025-06-22 16:00:59] cpg.id(30064771115).head._cfgIn.head.asInstanceOf[CfgNode].method.toList.toJsonPretty
[2025-06-22 16:00:59] cpg.id(68719476770).head._cfgIn.head.asInstanceOf[CfgNode].method.toList.toJsonPretty
[2025-06-22 16:00:59] cpg.id(68719476774).head._cfgIn.head.asInstanceOf[CfgNode].method.toList.toJsonPretty
[2025-06-22 16:00:59] cpg.id(68719476759).head._cfgIn.head.asInstanceOf[CfgNode].method.toList.toJsonPretty
[2025-06-22 16:00:59] cpg.id(68719476779).head._cfgIn.head.asInstanceOf[CfgNode].method.toList.toJsonPretty
[2025-06-22 16:00:59] cpg.id(115964117065).head._cfgIn.head.asInstanceOf[CfgNode].method.toList.toJsonPretty
[2025-06-22 16:00:59] cpg.methodParameterIn.where(_.method.fullName("execl")).index(4).l.reachableByDetailed(cpg.method.fullName("execl").methodReturn).toJsonPretty
[2025-06-22 16:01:00] cpg.methodParameterIn.where(_.method.fullName("execl")).index(4).l.reachableByDetailed(cpg.call.where(_.methodFullName("strcat")).argument(2).ast.l).toJsonPretty
[2025-06-22 16:01:00] cpg.id(90194313241).head._cfgIn.head.asInstanceOf[CfgNode].method.toList.toJsonPretty
[2025-06-22 16:01:00] cpg.id(68719476785).head._cfgIn.head.asInstanceOf[CfgNode].method.toList.toJsonPretty
[2025-06-22 16:01:00] cpg.id(68719476786).head._cfgIn.head.asInstanceOf[CfgNode].method.toList.toJsonPretty
[2025-06-22 16:01:00] cpg.id(115964117065).head._cfgIn.head.asInstanceOf[CfgNode].method.toList.toJsonPretty
[2025-06-22 16:02:07] importCode("/home/nstl/data/CPGvulnHunter/test/test_case/juliet/output/CWE78_OS_Command_Injection/s01/CWE78_OS_Command_Injection__char_connect_socket_execl_01")
[2025-06-22 16:02:09] cpg.method.fullName.toJsonPretty
[2025-06-22 16:02:09] cpg.method.fullName("CWE78_OS_Command_Injection__char_connect_socket_execl_01.c:<global>").toJsonPretty
[2025-06-22 16:02:09] cpg.method.fullName("CWE78_OS_Command_Injection__char_connect_socket_execl_01_bad").toJsonPretty
[2025-06-22 16:02:09] cpg.method.fullName("goodG2B").toJsonPretty
[2025-06-22 16:02:09] cpg.method.fullName("CWE78_OS_Command_Injection__char_connect_socket_execl_01_good").toJsonPretty
[2025-06-22 16:02:09] cpg.method.fullName("main").toJsonPretty
[2025-06-22 16:02:09] cpg.method.fullName("<includes>:<global>").toJsonPretty
[2025-06-22 16:02:09] cpg.method.fullName("printLongLongLine").toJsonPretty
[2025-06-22 16:02:09] cpg.method.fullName("printHexCharLine").toJsonPretty
[2025-06-22 16:02:09] cpg.method.fullName("printWcharLine").toJsonPretty
[2025-06-22 16:02:09] cpg.method.fullName("printBytesLine").toJsonPretty
[2025-06-22 16:02:09] cpg.method.fullName("printShortLine").toJsonPretty
[2025-06-22 16:02:09] cpg.method.fullName("printLongLine").toJsonPretty
[2025-06-22 16:02:09] cpg.method.fullName("printFloatLine").toJsonPretty
[2025-06-22 16:02:10] cpg.method.fullName("printLine").toJsonPretty
[2025-06-22 16:02:10] cpg.method.fullName("decodeHexChars").toJsonPretty
[2025-06-22 16:02:10] cpg.method.fullName("printUnsignedLine").toJsonPretty
[2025-06-22 16:02:10] cpg.method.fullName("printHexUnsignedCharLine").toJsonPretty
[2025-06-22 16:02:10] cpg.method.fullName("globalReturnsTrueOrFalse").toJsonPretty
[2025-06-22 16:02:10] cpg.method.fullName("globalReturnsFalse").toJsonPretty
[2025-06-22 16:02:10] cpg.method.fullName("globalReturnsTrue").toJsonPretty
[2025-06-22 16:02:10] cpg.method.fullName("printSizeTLine").toJsonPretty
[2025-06-22 16:02:10] cpg.method.fullName("printIntLine").toJsonPretty
[2025-06-22 16:02:10] cpg.method.fullName("printStructLine").toJsonPretty
[2025-06-22 16:02:10] cpg.method.fullName("decodeHexWChars").toJsonPretty
[2025-06-22 16:02:10] cpg.method.fullName("printWLine").toJsonPretty
[2025-06-22 16:02:10] cpg.method.fullName("printDoubleLine").toJsonPretty
[2025-06-22 16:02:10] cpg.method.fullName("<operator>.assignment").toJsonPretty
[2025-06-22 16:02:10] cpg.method.fullName("<operator>.alloc").toJsonPretty
[2025-06-22 16:02:10] cpg.method.fullName("<operator>.minus").toJsonPretty
[2025-06-22 16:02:10] cpg.method.fullName("strlen").toJsonPretty
[2025-06-22 16:02:10] cpg.method.fullName("strlen").parameter.toJsonPretty
[2025-06-22 16:02:10] cpg.method.fullName("strlen").callIn.astParent.code.toJsonPretty
[2025-06-22 16:02:10] cpg.method.fullName("socket").toJsonPretty
[2025-06-22 16:02:11] cpg.method.fullName("socket").parameter.toJsonPretty
[2025-06-22 16:02:11] cpg.method.fullName("socket").callIn.astParent.code.toJsonPretty
[2025-06-22 16:02:11] cpg.method.fullName("<operator>.equals").toJsonPretty
[2025-06-22 16:02:11] cpg.method.fullName("memset").toJsonPretty
[2025-06-22 16:02:11] cpg.method.fullName("memset").parameter.toJsonPretty
[2025-06-22 16:02:11] cpg.method.fullName("memset").callIn.astParent.code.toJsonPretty
[2025-06-22 16:02:11] cpg.method.fullName("<operator>.addressOf").toJsonPretty
[2025-06-22 16:02:11] cpg.method.fullName("<operator>.sizeOf").toJsonPretty
[2025-06-22 16:02:11] cpg.method.fullName("<operator>.fieldAccess").toJsonPretty
[2025-06-22 16:02:11] cpg.method.fullName("inet_addr").toJsonPretty
[2025-06-22 16:02:11] cpg.method.fullName("inet_addr").parameter.toJsonPretty
[2025-06-22 16:02:11] cpg.method.fullName("inet_addr").callIn.astParent.code.toJsonPretty
[2025-06-22 16:02:11] cpg.method.fullName("htons").toJsonPretty
[2025-06-22 16:02:11] cpg.method.fullName("htons").parameter.toJsonPretty
[2025-06-22 16:02:11] cpg.method.fullName("htons").callIn.astParent.code.toJsonPretty
[2025-06-22 16:02:11] cpg.method.fullName("connect").toJsonPretty
[2025-06-22 16:02:11] cpg.method.fullName("connect").parameter.toJsonPretty
[2025-06-22 16:02:11] cpg.method.fullName("connect").callIn.astParent.code.toJsonPretty
[2025-06-22 16:02:11] cpg.method.fullName("<operator>.cast").toJsonPretty
[2025-06-22 16:02:11] cpg.method.fullName("recv").toJsonPretty
[2025-06-22 16:02:12] cpg.method.fullName("recv").parameter.toJsonPretty
[2025-06-22 16:02:12] cpg.method.fullName("recv").callIn.astParent.code.toJsonPretty
[2025-06-22 16:02:12] cpg.method.fullName("<operator>.addition").toJsonPretty
[2025-06-22 16:02:12] cpg.method.fullName("<operator>.multiplication").toJsonPretty
[2025-06-22 16:02:12] cpg.method.fullName("<operator>.subtraction").toJsonPretty
[2025-06-22 16:02:12] cpg.method.fullName("<operator>.logicalOr").toJsonPretty
[2025-06-22 16:02:12] cpg.method.fullName("<operator>.indirectIndexAccess").toJsonPretty
[2025-06-22 16:02:12] cpg.method.fullName("<operator>.division").toJsonPretty
[2025-06-22 16:02:12] cpg.method.fullName("strchr").toJsonPretty
[2025-06-22 16:02:12] cpg.method.fullName("strchr").parameter.toJsonPretty
[2025-06-22 16:02:12] cpg.method.fullName("strchr").callIn.astParent.code.toJsonPretty
[2025-06-22 16:02:12] cpg.method.fullName("<operator>.indirection").toJsonPretty
[2025-06-22 16:02:12] cpg.method.fullName("<operator>.notEquals").toJsonPretty
[2025-06-22 16:02:12] cpg.method.fullName("close").toJsonPretty
[2025-06-22 16:02:12] cpg.method.fullName("close").parameter.toJsonPretty
[2025-06-22 16:02:12] cpg.method.fullName("close").callIn.astParent.code.toJsonPretty
[2025-06-22 16:02:12] cpg.method.fullName("execl").toJsonPretty
[2025-06-22 16:02:12] cpg.method.fullName("execl").parameter.toJsonPretty
[2025-06-22 16:02:12] cpg.method.fullName("execl").callIn.astParent.code.toJsonPretty
[2025-06-22 16:02:13] cpg.method.fullName("strcat").toJsonPretty
[2025-06-22 16:02:13] cpg.method.fullName("strcat").parameter.toJsonPretty
[2025-06-22 16:02:13] cpg.method.fullName("strcat").callIn.astParent.code.toJsonPretty
[2025-06-22 16:02:13] cpg.method.fullName("srand").toJsonPretty
[2025-06-22 16:02:13] cpg.method.fullName("srand").parameter.toJsonPretty
[2025-06-22 16:02:13] cpg.method.fullName("srand").callIn.astParent.code.toJsonPretty
[2025-06-22 16:02:13] cpg.method.fullName("time").toJsonPretty
[2025-06-22 16:02:13] cpg.method.fullName("time").parameter.toJsonPretty
[2025-06-22 16:02:13] cpg.method.fullName("time").callIn.astParent.code.toJsonPretty
[2025-06-22 16:02:13] 1 + 1
[2025-06-22 16:02:13] import io.joern.dataflowengineoss.*
[2025-06-22 16:02:13] cpg.methodParameterIn.where(_.method.fullName("execl")).index(4).l.reachableByDetailed(cpg.call.where(_.methodFullName("recv")).argument(2).ast.l).toJsonPretty
[2025-06-22 16:02:13] cpg.id(68719476759).head._cfgIn.head.asInstanceOf[CfgNode].method.toList.toJsonPretty
[2025-06-22 16:02:13] cpg.id(68719476779).head._cfgIn.head.asInstanceOf[CfgNode].method.toList.toJsonPretty
[2025-06-22 16:02:13] cpg.id(115964117065).head._cfgIn.head.asInstanceOf[CfgNode].method.toList.toJsonPretty
[2025-06-22 16:02:13] cpg.id(68719476759).head._cfgIn.head.asInstanceOf[CfgNode].method.toList.toJsonPretty
[2025-06-22 16:02:13] cpg.id(30064771115).head._cfgIn.head.asInstanceOf[CfgNode].method.toList.toJsonPretty
[2025-06-22 16:02:14] cpg.id(68719476770).head._cfgIn.head.asInstanceOf[CfgNode].method.toList.toJsonPretty
[2025-06-22 16:02:14] cpg.id(68719476774).head._cfgIn.head.asInstanceOf[CfgNode].method.toList.toJsonPretty
[2025-06-22 16:02:14] cpg.id(68719476759).head._cfgIn.head.asInstanceOf[CfgNode].method.toList.toJsonPretty
[2025-06-22 16:02:14] cpg.id(68719476779).head._cfgIn.head.asInstanceOf[CfgNode].method.toList.toJsonPretty
[2025-06-22 16:02:14] cpg.id(115964117065).head._cfgIn.head.asInstanceOf[CfgNode].method.toList.toJsonPretty
[2025-06-22 16:02:14] cpg.methodParameterIn.where(_.method.fullName("execl")).index(4).l.reachableByDetailed(cpg.method.fullName("execl").methodReturn).toJsonPretty
[2025-06-22 16:02:14] cpg.methodParameterIn.where(_.method.fullName("execl")).index(4).l.reachableByDetailed(cpg.call.where(_.methodFullName("strcat")).argument(2).ast.l).toJsonPretty
[2025-06-22 16:02:14] cpg.id(90194313241).head._cfgIn.head.asInstanceOf[CfgNode].method.toList.toJsonPretty
[2025-06-22 16:02:14] cpg.id(68719476785).head._cfgIn.head.asInstanceOf[CfgNode].method.toList.toJsonPretty
[2025-06-22 16:02:14] cpg.id(68719476786).head._cfgIn.head.asInstanceOf[CfgNode].method.toList.toJsonPretty
[2025-06-22 16:02:14] cpg.id(115964117065).head._cfgIn.head.asInstanceOf[CfgNode].method.toList.toJsonPretty
[2025-06-22 16:03:14] importCode("/home/nstl/data/CPGvulnHunter/test/test_case/juliet/output/CWE78_OS_Command_Injection/s01/CWE78_OS_Command_Injection__char_connect_socket_execl_01")
[2025-06-22 16:03:16] cpg.method.fullName.toJsonPretty
[2025-06-22 16:03:16] cpg.method.fullName("CWE78_OS_Command_Injection__char_connect_socket_execl_01.c:<global>").toJsonPretty
[2025-06-22 16:03:16] cpg.method.fullName("CWE78_OS_Command_Injection__char_connect_socket_execl_01_bad").toJsonPretty
[2025-06-22 16:03:16] cpg.method.fullName("goodG2B").toJsonPretty
[2025-06-22 16:03:16] cpg.method.fullName("CWE78_OS_Command_Injection__char_connect_socket_execl_01_good").toJsonPretty
[2025-06-22 16:03:16] cpg.method.fullName("main").toJsonPretty
[2025-06-22 16:03:16] cpg.method.fullName("<includes>:<global>").toJsonPretty
[2025-06-22 16:03:16] cpg.method.fullName("printLongLongLine").toJsonPretty
[2025-06-22 16:03:16] cpg.method.fullName("printHexCharLine").toJsonPretty
[2025-06-22 16:03:17] cpg.method.fullName("printWcharLine").toJsonPretty
[2025-06-22 16:03:17] cpg.method.fullName("printBytesLine").toJsonPretty
[2025-06-22 16:03:17] cpg.method.fullName("printShortLine").toJsonPretty
[2025-06-22 16:03:17] cpg.method.fullName("printLongLine").toJsonPretty
[2025-06-22 16:03:17] cpg.method.fullName("printFloatLine").toJsonPretty
[2025-06-22 16:03:17] cpg.method.fullName("printLine").toJsonPretty
[2025-06-22 16:03:17] cpg.method.fullName("decodeHexChars").toJsonPretty
[2025-06-22 16:03:17] cpg.method.fullName("printUnsignedLine").toJsonPretty
[2025-06-22 16:03:17] cpg.method.fullName("printHexUnsignedCharLine").toJsonPretty
[2025-06-22 16:03:17] cpg.method.fullName("globalReturnsTrueOrFalse").toJsonPretty
[2025-06-22 16:03:17] cpg.method.fullName("globalReturnsFalse").toJsonPretty
[2025-06-22 16:03:17] cpg.method.fullName("globalReturnsTrue").toJsonPretty
[2025-06-22 16:03:17] cpg.method.fullName("printSizeTLine").toJsonPretty
[2025-06-22 16:03:17] cpg.method.fullName("printIntLine").toJsonPretty
[2025-06-22 16:03:17] cpg.method.fullName("printStructLine").toJsonPretty
[2025-06-22 16:03:17] cpg.method.fullName("decodeHexWChars").toJsonPretty
[2025-06-22 16:03:17] cpg.method.fullName("printWLine").toJsonPretty
[2025-06-22 16:03:18] cpg.method.fullName("printDoubleLine").toJsonPretty
[2025-06-22 16:03:18] cpg.method.fullName("<operator>.assignment").toJsonPretty
[2025-06-22 16:03:18] cpg.method.fullName("<operator>.alloc").toJsonPretty
[2025-06-22 16:03:18] cpg.method.fullName("<operator>.minus").toJsonPretty
[2025-06-22 16:03:18] cpg.method.fullName("strlen").toJsonPretty
[2025-06-22 16:03:18] cpg.method.fullName("strlen").parameter.toJsonPretty
[2025-06-22 16:03:18] cpg.method.fullName("strlen").callIn.astParent.code.toJsonPretty
[2025-06-22 16:03:18] cpg.method.fullName("socket").toJsonPretty
[2025-06-22 16:03:18] cpg.method.fullName("socket").parameter.toJsonPretty
[2025-06-22 16:03:18] cpg.method.fullName("socket").callIn.astParent.code.toJsonPretty
[2025-06-22 16:03:18] cpg.method.fullName("<operator>.equals").toJsonPretty
[2025-06-22 16:03:18] cpg.method.fullName("memset").toJsonPretty
[2025-06-22 16:03:18] cpg.method.fullName("memset").parameter.toJsonPretty
[2025-06-22 16:03:18] cpg.method.fullName("memset").callIn.astParent.code.toJsonPretty
[2025-06-22 16:03:18] cpg.method.fullName("<operator>.addressOf").toJsonPretty
[2025-06-22 16:03:18] cpg.method.fullName("<operator>.sizeOf").toJsonPretty
[2025-06-22 16:03:18] cpg.method.fullName("<operator>.fieldAccess").toJsonPretty
[2025-06-22 16:03:19] cpg.method.fullName("inet_addr").toJsonPretty
[2025-06-22 16:03:19] cpg.method.fullName("inet_addr").parameter.toJsonPretty
[2025-06-22 16:03:19] cpg.method.fullName("inet_addr").callIn.astParent.code.toJsonPretty
[2025-06-22 16:03:19] cpg.method.fullName("htons").toJsonPretty
[2025-06-22 16:03:19] cpg.method.fullName("htons").parameter.toJsonPretty
[2025-06-22 16:03:19] cpg.method.fullName("htons").callIn.astParent.code.toJsonPretty
[2025-06-22 16:03:19] cpg.method.fullName("connect").toJsonPretty
[2025-06-22 16:03:19] cpg.method.fullName("connect").parameter.toJsonPretty
[2025-06-22 16:03:19] cpg.method.fullName("connect").callIn.astParent.code.toJsonPretty
[2025-06-22 16:03:19] cpg.method.fullName("<operator>.cast").toJsonPretty
[2025-06-22 16:03:19] cpg.method.fullName("recv").toJsonPretty
[2025-06-22 16:03:19] cpg.method.fullName("recv").parameter.toJsonPretty
[2025-06-22 16:03:19] cpg.method.fullName("recv").callIn.astParent.code.toJsonPretty
[2025-06-22 16:03:19] cpg.method.fullName("<operator>.addition").toJsonPretty
[2025-06-22 16:03:19] cpg.method.fullName("<operator>.multiplication").toJsonPretty
[2025-06-22 16:03:20] cpg.method.fullName("<operator>.subtraction").toJsonPretty
[2025-06-22 16:03:20] cpg.method.fullName("<operator>.logicalOr").toJsonPretty
[2025-06-22 16:03:20] cpg.method.fullName("<operator>.indirectIndexAccess").toJsonPretty
[2025-06-22 16:03:20] cpg.method.fullName("<operator>.division").toJsonPretty
[2025-06-22 16:03:20] cpg.method.fullName("strchr").toJsonPretty
[2025-06-22 16:03:20] cpg.method.fullName("strchr").parameter.toJsonPretty
[2025-06-22 16:03:20] cpg.method.fullName("strchr").callIn.astParent.code.toJsonPretty
[2025-06-22 16:03:20] cpg.method.fullName("<operator>.indirection").toJsonPretty
[2025-06-22 16:03:20] cpg.method.fullName("<operator>.notEquals").toJsonPretty
[2025-06-22 16:03:20] cpg.method.fullName("close").toJsonPretty
[2025-06-22 16:03:20] cpg.method.fullName("close").parameter.toJsonPretty
[2025-06-22 16:03:20] cpg.method.fullName("close").callIn.astParent.code.toJsonPretty
[2025-06-22 16:03:20] cpg.method.fullName("execl").toJsonPretty
[2025-06-22 16:03:20] cpg.method.fullName("execl").parameter.toJsonPretty
[2025-06-22 16:03:20] cpg.method.fullName("execl").callIn.astParent.code.toJsonPretty
[2025-06-22 16:03:20] cpg.method.fullName("strcat").toJsonPretty
[2025-06-22 16:03:20] cpg.method.fullName("strcat").parameter.toJsonPretty
[2025-06-22 16:03:21] cpg.method.fullName("strcat").callIn.astParent.code.toJsonPretty
[2025-06-22 16:03:21] cpg.method.fullName("srand").toJsonPretty
[2025-06-22 16:03:21] cpg.method.fullName("srand").parameter.toJsonPretty
[2025-06-22 16:03:21] cpg.method.fullName("srand").callIn.astParent.code.toJsonPretty
[2025-06-22 16:03:21] cpg.method.fullName("time").toJsonPretty
[2025-06-22 16:03:21] cpg.method.fullName("time").parameter.toJsonPretty
[2025-06-22 16:03:21] cpg.method.fullName("time").callIn.astParent.code.toJsonPretty
[2025-06-22 16:03:21] 1 + 1
[2025-06-22 16:03:21] import io.joern.dataflowengineoss.*
[2025-06-22 16:03:21] cpg.methodParameterIn.where(_.method.fullName("execl")).index(4).l.reachableByDetailed(cpg.call.where(_.methodFullName("recv")).argument(2).ast.l).toJsonPretty
[2025-06-22 16:03:21] cpg.id(68719476759).head._cfgIn.head.asInstanceOf[CfgNode].method.toList.toJsonPretty
[2025-06-22 16:03:21] cpg.id(68719476779).head._cfgIn.head.asInstanceOf[CfgNode].method.toList.toJsonPretty
[2025-06-22 16:03:21] cpg.id(115964117065).head._cfgIn.head.asInstanceOf[CfgNode].method.toList.toJsonPretty
[2025-06-22 16:03:21] cpg.id(68719476759).head._cfgIn.head.asInstanceOf[CfgNode].method.toList.toJsonPretty
[2025-06-22 16:03:22] cpg.id(30064771115).head._cfgIn.head.asInstanceOf[CfgNode].method.toList.toJsonPretty
[2025-06-22 16:03:22] cpg.id(68719476770).head._cfgIn.head.asInstanceOf[CfgNode].method.toList.toJsonPretty
[2025-06-22 16:03:22] cpg.id(68719476774).head._cfgIn.head.asInstanceOf[CfgNode].method.toList.toJsonPretty
[2025-06-22 16:03:22] cpg.id(68719476759).head._cfgIn.head.asInstanceOf[CfgNode].method.toList.toJsonPretty
[2025-06-22 16:03:22] cpg.id(68719476779).head._cfgIn.head.asInstanceOf[CfgNode].method.toList.toJsonPretty
[2025-06-22 16:03:22] cpg.id(115964117065).head._cfgIn.head.asInstanceOf[CfgNode].method.toList.toJsonPretty
[2025-06-22 16:03:22] cpg.methodParameterIn.where(_.method.fullName("execl")).index(4).l.reachableByDetailed(cpg.method.fullName("execl").methodReturn).toJsonPretty
[2025-06-22 16:03:22] cpg.methodParameterIn.where(_.method.fullName("execl")).index(4).l.reachableByDetailed(cpg.call.where(_.methodFullName("strcat")).argument(2).ast.l).toJsonPretty
[2025-06-22 16:03:22] cpg.id(90194313241).head._cfgIn.head.asInstanceOf[CfgNode].method.toList.toJsonPretty
[2025-06-22 16:03:22] cpg.id(68719476785).head._cfgIn.head.asInstanceOf[CfgNode].method.toList.toJsonPretty
[2025-06-22 16:03:22] cpg.id(68719476786).head._cfgIn.head.asInstanceOf[CfgNode].method.toList.toJsonPretty
[2025-06-22 16:03:22] cpg.id(115964117065).head._cfgIn.head.asInstanceOf[CfgNode].method.toList.toJsonPretty
[2025-06-22 16:05:52] importCode("/home/nstl/data/CPGvulnHunter/test/test_case/juliet/output/CWE78_OS_Command_Injection/s01/CWE78_OS_Command_Injection__char_connect_socket_execl_01")
[2025-06-22 16:05:54] cpg.method.fullName.toJsonPretty
[2025-06-22 16:05:54] cpg.method.fullName("CWE78_OS_Command_Injection__char_connect_socket_execl_01.c:<global>").toJsonPretty
[2025-06-22 16:05:54] cpg.method.fullName("CWE78_OS_Command_Injection__char_connect_socket_execl_01_bad").toJsonPretty
[2025-06-22 16:05:54] cpg.method.fullName("goodG2B").toJsonPretty
[2025-06-22 16:05:54] cpg.method.fullName("CWE78_OS_Command_Injection__char_connect_socket_execl_01_good").toJsonPretty
[2025-06-22 16:05:54] cpg.method.fullName("main").toJsonPretty
[2025-06-22 16:05:54] cpg.method.fullName("<includes>:<global>").toJsonPretty
[2025-06-22 16:05:54] cpg.method.fullName("printLongLongLine").toJsonPretty
[2025-06-22 16:05:54] cpg.method.fullName("printHexCharLine").toJsonPretty
[2025-06-22 16:05:54] cpg.method.fullName("printWcharLine").toJsonPretty
[2025-06-22 16:05:54] cpg.method.fullName("printBytesLine").toJsonPretty
[2025-06-22 16:05:54] cpg.method.fullName("printShortLine").toJsonPretty
[2025-06-22 16:05:54] cpg.method.fullName("printLongLine").toJsonPretty
[2025-06-22 16:05:54] cpg.method.fullName("printFloatLine").toJsonPretty
[2025-06-22 16:05:55] cpg.method.fullName("printLine").toJsonPretty
[2025-06-22 16:05:55] cpg.method.fullName("decodeHexChars").toJsonPretty
[2025-06-22 16:05:55] cpg.method.fullName("printUnsignedLine").toJsonPretty
[2025-06-22 16:05:55] cpg.method.fullName("printHexUnsignedCharLine").toJsonPretty
[2025-06-22 16:05:55] cpg.method.fullName("globalReturnsTrueOrFalse").toJsonPretty
[2025-06-22 16:05:55] cpg.method.fullName("globalReturnsFalse").toJsonPretty
[2025-06-22 16:05:55] cpg.method.fullName("globalReturnsTrue").toJsonPretty
[2025-06-22 16:05:55] cpg.method.fullName("printSizeTLine").toJsonPretty
[2025-06-22 16:05:55] cpg.method.fullName("printIntLine").toJsonPretty
[2025-06-22 16:05:55] cpg.method.fullName("printStructLine").toJsonPretty
[2025-06-22 16:05:55] cpg.method.fullName("decodeHexWChars").toJsonPretty
[2025-06-22 16:05:55] cpg.method.fullName("printWLine").toJsonPretty
[2025-06-22 16:05:55] cpg.method.fullName("printDoubleLine").toJsonPretty
[2025-06-22 16:05:55] cpg.method.fullName("<operator>.assignment").toJsonPretty
[2025-06-22 16:05:55] cpg.method.fullName("<operator>.alloc").toJsonPretty
[2025-06-22 16:05:55] cpg.method.fullName("<operator>.minus").toJsonPretty
[2025-06-22 16:05:55] cpg.method.fullName("strlen").toJsonPretty
[2025-06-22 16:05:55] cpg.method.fullName("strlen").parameter.toJsonPretty
[2025-06-22 16:05:55] cpg.method.fullName("strlen").callIn.astParent.code.toJsonPretty
[2025-06-22 16:05:55] cpg.method.fullName("socket").toJsonPretty
[2025-06-22 16:05:56] cpg.method.fullName("socket").parameter.toJsonPretty
[2025-06-22 16:05:56] cpg.method.fullName("socket").callIn.astParent.code.toJsonPretty
[2025-06-22 16:05:56] cpg.method.fullName("<operator>.equals").toJsonPretty
[2025-06-22 16:05:56] cpg.method.fullName("memset").toJsonPretty
[2025-06-22 16:05:56] cpg.method.fullName("memset").parameter.toJsonPretty
[2025-06-22 16:05:56] cpg.method.fullName("memset").callIn.astParent.code.toJsonPretty
[2025-06-22 16:05:56] cpg.method.fullName("<operator>.addressOf").toJsonPretty
[2025-06-22 16:05:56] cpg.method.fullName("<operator>.sizeOf").toJsonPretty
[2025-06-22 16:05:56] cpg.method.fullName("<operator>.fieldAccess").toJsonPretty
[2025-06-22 16:05:56] cpg.method.fullName("inet_addr").toJsonPretty
[2025-06-22 16:05:56] cpg.method.fullName("inet_addr").parameter.toJsonPretty
[2025-06-22 16:05:56] cpg.method.fullName("inet_addr").callIn.astParent.code.toJsonPretty
[2025-06-22 16:05:56] cpg.method.fullName("htons").toJsonPretty
[2025-06-22 16:05:56] cpg.method.fullName("htons").parameter.toJsonPretty
[2025-06-22 16:05:56] cpg.method.fullName("htons").callIn.astParent.code.toJsonPretty
[2025-06-22 16:05:56] cpg.method.fullName("connect").toJsonPretty
[2025-06-22 16:05:56] cpg.method.fullName("connect").parameter.toJsonPretty
[2025-06-22 16:05:56] cpg.method.fullName("connect").callIn.astParent.code.toJsonPretty
[2025-06-22 16:05:56] cpg.method.fullName("<operator>.cast").toJsonPretty
[2025-06-22 16:05:57] cpg.method.fullName("recv").toJsonPretty
[2025-06-22 16:05:57] cpg.method.fullName("recv").parameter.toJsonPretty
[2025-06-22 16:05:57] cpg.method.fullName("recv").callIn.astParent.code.toJsonPretty
[2025-06-22 16:05:57] cpg.method.fullName("<operator>.addition").toJsonPretty
[2025-06-22 16:05:57] cpg.method.fullName("<operator>.multiplication").toJsonPretty
[2025-06-22 16:05:57] cpg.method.fullName("<operator>.subtraction").toJsonPretty
[2025-06-22 16:05:57] cpg.method.fullName("<operator>.logicalOr").toJsonPretty
[2025-06-22 16:05:57] cpg.method.fullName("<operator>.indirectIndexAccess").toJsonPretty
[2025-06-22 16:05:57] cpg.method.fullName("<operator>.division").toJsonPretty
[2025-06-22 16:05:57] cpg.method.fullName("strchr").toJsonPretty
[2025-06-22 16:05:57] cpg.method.fullName("strchr").parameter.toJsonPretty
[2025-06-22 16:05:57] cpg.method.fullName("strchr").callIn.astParent.code.toJsonPretty
[2025-06-22 16:05:57] cpg.method.fullName("<operator>.indirection").toJsonPretty
[2025-06-22 16:05:57] cpg.method.fullName("<operator>.notEquals").toJsonPretty
[2025-06-22 16:05:57] cpg.method.fullName("close").toJsonPretty
[2025-06-22 16:05:57] cpg.method.fullName("close").parameter.toJsonPretty
[2025-06-22 16:05:58] cpg.method.fullName("close").callIn.astParent.code.toJsonPretty
[2025-06-22 16:05:58] cpg.method.fullName("execl").toJsonPretty
[2025-06-22 16:05:58] cpg.method.fullName("execl").parameter.toJsonPretty
[2025-06-22 16:05:58] cpg.method.fullName("execl").callIn.astParent.code.toJsonPretty
[2025-06-22 16:05:58] cpg.method.fullName("strcat").toJsonPretty
[2025-06-22 16:05:58] cpg.method.fullName("strcat").parameter.toJsonPretty
[2025-06-22 16:05:58] cpg.method.fullName("strcat").callIn.astParent.code.toJsonPretty
[2025-06-22 16:05:58] cpg.method.fullName("srand").toJsonPretty
[2025-06-22 16:05:58] cpg.method.fullName("srand").parameter.toJsonPretty
[2025-06-22 16:05:58] cpg.method.fullName("srand").callIn.astParent.code.toJsonPretty
[2025-06-22 16:05:58] cpg.method.fullName("time").toJsonPretty
[2025-06-22 16:05:58] cpg.method.fullName("time").parameter.toJsonPretty
[2025-06-22 16:05:58] cpg.method.fullName("time").callIn.astParent.code.toJsonPretty
[2025-06-22 16:05:58] 1 + 1
[2025-06-22 16:05:58] import io.joern.dataflowengineoss.*
[2025-06-22 16:05:58] cpg.methodParameterIn.where(_.method.fullName("execl")).index(4).l.reachableByDetailed(cpg.call.where(_.methodFullName("recv")).argument(2).ast.l).toJsonPretty
[2025-06-22 16:05:58] cpg.id(68719476759).head._cfgIn.head.asInstanceOf[CfgNode].method.toList.toJsonPretty
[2025-06-22 16:05:59] cpg.id(68719476779).head._cfgIn.head.asInstanceOf[CfgNode].method.toList.toJsonPretty
[2025-06-22 16:05:59] cpg.id(115964117065).head._cfgIn.head.asInstanceOf[CfgNode].method.toList.toJsonPretty
[2025-06-22 16:05:59] cpg.id(68719476759).head._cfgIn.head.asInstanceOf[CfgNode].method.toList.toJsonPretty
[2025-06-22 16:05:59] cpg.id(30064771115).head._cfgIn.head.asInstanceOf[CfgNode].method.toList.toJsonPretty
[2025-06-22 16:05:59] cpg.id(68719476770).head._cfgIn.head.asInstanceOf[CfgNode].method.toList.toJsonPretty
[2025-06-22 16:05:59] cpg.id(68719476774).head._cfgIn.head.asInstanceOf[CfgNode].method.toList.toJsonPretty
[2025-06-22 16:05:59] cpg.id(68719476759).head._cfgIn.head.asInstanceOf[CfgNode].method.toList.toJsonPretty
[2025-06-22 16:05:59] cpg.id(68719476779).head._cfgIn.head.asInstanceOf[CfgNode].method.toList.toJsonPretty
[2025-06-22 16:05:59] cpg.id(115964117065).head._cfgIn.head.asInstanceOf[CfgNode].method.toList.toJsonPretty
[2025-06-22 16:05:59] cpg.methodParameterIn.where(_.method.fullName("execl")).index(4).l.reachableByDetailed(cpg.method.fullName("execl").methodReturn).toJsonPretty
[2025-06-22 16:05:59] cpg.methodParameterIn.where(_.method.fullName("execl")).index(4).l.reachableByDetailed(cpg.call.where(_.methodFullName("strcat")).argument(2).ast.l).toJsonPretty
[2025-06-22 16:05:59] cpg.id(90194313241).head._cfgIn.head.asInstanceOf[CfgNode].method.toList.toJsonPretty
[2025-06-22 16:05:59] cpg.id(68719476785).head._cfgIn.head.asInstanceOf[CfgNode].method.toList.toJsonPretty
[2025-06-22 16:05:59] cpg.id(68719476786).head._cfgIn.head.asInstanceOf[CfgNode].method.toList.toJsonPretty
[2025-06-22 16:05:59] cpg.id(115964117065).head._cfgIn.head.asInstanceOf[CfgNode].method.toList.toJsonPretty
